basin,region,subRegion,island,siteName,yearFishSurvey,siteFishSurvey,latitudeFishSurvey,longitudeFishSurvey,latitudeBMU,longitudeBMU,boundaryNumber,habitatFishSurvey,density_ind_PSU,biomass_kg_PSU,density_ind_m2,biomass_g_m2,density_ind_ha,biomass_kg_ha
atlantic,DRTO,west,,Bird Key Reef,2016,2073U,24.60684558,-82.87195053,24.60684558,-82.87195053,,SPGR_HR,9.25,0.183051225,,,522.5988701,10.34187712
atlantic,DRTO,west,,Bird Key Reef,2016,2141U,24.60041312,-82.87337354,24.60041312,-82.87337354,,SPGR_LR,17.5,0.588709063,,,988.700565,33.26039904
atlantic,DRTO,west,,Bird Key Reef,2016,2142U,24.600005,-82.872275,24.600005,-82.872275,,SPGR_HR,36.375,4.494745633,,,2055.084746,253.9404312
atlantic,DRTO,west,,Bird Key Reef,2016,2143U,24.61121046,-82.87047,24.61121046,-82.87047,,SPGR_HR,22.625,0.600110889,,,1278.248588,33.90457
atlantic,DRTO,west,,Bird Key Reef,2016,2146U,24.59171835,-82.88101318,24.59171835,-82.88101318,,SPGR_LR,30.375,1.802731686,,,1716.101695,101.8492478
atlantic,DRTO,west,,Bird Key Reef,2016,2147U,24.59150648,-82.87433973,24.59150648,-82.87433973,,SPGR_HR,26.5,0.713177873,,,1497.175141,40.2925352
atlantic,DRTO,west,,Bird Key Reef,2016,2166U,24.58932494,-82.88459494,24.58932494,-82.88459494,,SPGR_HR,20.125,0.29120601,,,1137.00565,16.45231695
atlantic,DRTO,west,,Bird Key Reef,2018,2166U,24.59322542,-82.88966559,24.59322542,-82.88966559,,CONT_LR,2.25,0.009223958,,,127.1186441,0.521127571
atlantic,DRTO,west,,Bird Key Reef,2018,2189U,24.58261524,-82.89143049,24.58261524,-82.89143049,,SPGR_HR,23.75,0.838526957,,,1341.80791,47.37440435
atlantic,DRTO,west,,Bird Key Reef,2021,2229,24.61165,-82.87114,24.61165,-82.87114,,SPGR_HR,22,2.077959887,,,1242.937853,117.3988637
atlantic,DRTO,west,,Bird Key Reef,2016,2258U,24.58649908,-82.88755135,24.58649908,-82.88755135,,SPGR_LR,44,0.912834899,,,2485.875706,51.57259316
atlantic,DRTO,west,,Bird Key Reef,2018,2337U,24.59531958,-82.88599518,24.59531958,-82.88599518,,CONT_MR,19.25,0.885187916,,,1087.570621,50.01061672
atlantic,DRTO,west,,Bird Key Reef,2018,2341U,24.59544,-82.883944,24.59544,-82.883944,,CONT_LR,19.5,0.562522055,,,1101.694915,31.78090706
atlantic,DRTO,west,,Bird Key Reef,2021,2373,24.58943,-82.88391,24.58943,-82.88391,,SPGR_HR,10,0.44940094,,,564.9717514,25.38988362
atlantic,DRTO,west,,Bird Key Reef,2016,2551U,24.58292487,-82.88840484,24.58292487,-82.88840484,,CONT_MR,30.9865,0.323303697,,,1750.649718,18.26574559
atlantic,DRTO,west,,Bird Key Reef,2016,2576U,24.59858582,-82.87165051,24.59858582,-82.87165051,,SPGR_HR,18,0.356175197,,,1016.949153,20.12289249
atlantic,DRTO,west,,Bird Key Reef,2016,2577U,24.59761899,-82.87083412,24.59761899,-82.87083412,,CONT_MR,33.25,2.087531585,,,1878.531073,117.9396376
atlantic,DRTO,west,,Bird Key Reef,2016,2580U,24.60273717,-82.87375567,24.60273717,-82.87375567,,SPGR_HR,26.5,0.979678691,,,1497.175141,55.34907859
atlantic,DRTO,west,,Bird Key Reef,2016,2581U,24.61012901,-82.87097967,24.61012901,-82.87097967,,SPGR_HR,30.75,0.867414817,,,1737.288136,49.00648684
atlantic,DRTO,west,,Bird Key Reef,2018,2770U,24.58301576,-82.88912,24.58301576,-82.88912,,SPGR_HR,23.25,0.93790448,,,1313.559322,52.98895367
atlantic,DRTO,west,,Bird Key Reef,2018,2856U,24.60654829,-82.87320449,24.60654829,-82.87320449,,SPGR_HR,25,0.46678225,,,1412.429379,26.37187853
atlantic,DRTO,west,,Bird Key Reef,2018,2857U,24.60507991,-82.87389995,24.60507991,-82.87389995,,SPGR_HR,25.25,5.423847434,,,1426.553672,306.4320584
atlantic,FGB,east,,East Buoy 3,2018,7190,27.9091,-93.60069,27.9091,-93.60069,,HR,5,0.701703391,,,282.4858757,39.64425938
atlantic,FGB,east,,East Buoy 3,2018,7208,27.9092,-93.60012,27.9092,-93.60012,,HR,8,2.792301253,,,451.9774011,157.7571329
atlantic,FGB,east,,East Buoy 3,2018,7246,27.90907,-93.59922,27.90907,-93.59922,,HR,7,2.080853747,,,395.480226,117.5623586
atlantic,FGB,east,,East Buoy 3,2018,7302,27.90515,-93.59765,27.90515,-93.59765,,HR,9,1.315521758,,,508.4745763,74.32326316
atlantic,FGB,east,,East Buoy 3,2018,7304,27.9058,-93.59762,27.9058,-93.59762,,HR,4,2.824848178,,,225.9887006,159.5959423
atlantic,FGB,east,,East Buoy 3,2018,7339,27.90671,-93.59649,27.90671,-93.59649,,HR,3.5,0.211337449,,,197.740113,11.93996887
atlantic,FGB,east,,East Buoy 3,2018,7400,27.9096,-93.5973,27.9096,-93.5973,,HR,5.5,0.772400871,,,310.7344633,43.63846729
atlantic,FGB,east,,East Buoy 3,2018,7401,27.9094,-93.5973,27.9094,-93.5973,,HR,12.5,1.295928171,,,706.2146893,73.21628085
atlantic,FGB,east,,East Buoy 3,2018,7402,27.9094,-93.5975,27.9094,-93.5975,,HR,17,4.139118896,,,960.4519774,233.8485252
atlantic,FGB,east,,East Buoy 3,2018,7403,27.9096,-93.5975,27.9096,-93.5975,,HR,6.5,2.100698825,,,367.2316384,118.6835494
atlantic,FGB,east,,East Buoy 3,2018,7404,27.9075,-93.5991,27.9075,-93.5991,,HR,9.5,0.446689001,,,536.7231638,25.23666672
atlantic,FGB,east,,East Buoy 3,2018,7405,27.9073,-93.5991,27.9073,-93.5991,,HR,8.5,4.729281109,,,480.2259887,267.1910231
atlantic,FGB,east,,East Buoy 3,2018,7406,27.9073,-93.5994,27.9073,-93.5994,,HR,4.5,1.755550167,,,254.2372881,99.18362525
atlantic,FGB,east,,East Buoy 3,2018,7407,27.9075,-93.5994,27.9075,-93.5994,,HR,9.5,1.018724385,,,536.7231638,57.55505
atlantic,FGB,east,,East Buoy 3,2018,7408,27.9087,-93.5997,27.9087,-93.5997,,HR,7.5,1.038767424,,,423.7288136,58.68742508
atlantic,FGB,east,,East Buoy 3,2018,7409,27.9087,-93.5999,27.9087,-93.5999,,HR,5.5,1.112171814,,,310.7344633,62.83456576
atlantic,FGB,east,,East Buoy 3,2018,7410,27.9089,-93.5999,27.9089,-93.5999,,HR,10.5,1.737758367,,,593.220339,98.17843881
atlantic,FGB,east,,East Buoy 3,2022,9044,27.90807,-93.60203,27.90807,-93.60203,,HR,5.5,0.994064993,,,310.7344633,56.16186401
atlantic,FGB,east,,East Buoy 3,2022,9045,27.90875,-93.60218,27.90875,-93.60218,,HR,28.5,4.677526727,,,1610.169492,264.2670467
atlantic,FGB,east,,East Buoy 3,2022,9046,27.90995,-93.60215,27.90995,-93.60215,,HR,8,0.801292597,,,451.9774011,45.27076819
atlantic,FGB,east,,East Buoy 3,2022,9048,27.90948,-93.60183,27.90948,-93.60183,,HR,20,2.322741838,,,1129.943503,131.2283524
atlantic,FGB,east,,East Buoy 3,2022,9049,27.91183,-93.60093,27.91183,-93.60093,,HR,12,2.541553067,,,677.9661017,143.5905688
atlantic,FGB,east,,East Buoy 3,2022,9050,27.9073,-93.6006,27.9073,-93.6006,,HR,12.5,2.576978213,,,706.2146893,145.5919894
atlantic,FGB,east,,East Buoy 3,2022,9051,27.91122,-93.6006,27.91122,-93.6006,,HR,8.5,1.241008023,,,480.2259887,70.11344763
atlantic,FGB,east,,East Buoy 3,2022,9052,27.9115,-93.60038,27.9115,-93.60038,,HR,9,3.370117926,,,508.4745763,190.4021427
atlantic,FGB,east,,East Buoy 3,2022,9057,27.9068,-93.6001,27.9068,-93.6001,,HR,10,2.362413275,,,564.9717514,133.4696766
atlantic,FGB,east,,East Buoy 3,2022,9058,27.91127,-93.59983,27.91127,-93.59983,,HR,11.5,2.970980346,,,649.7175141,167.8519969
atlantic,FGB,east,,East Buoy 3,2022,9061,27.9116,-93.5995,27.9116,-93.5995,,HR,15,4.36568911,,,847.4576271,246.6491023
atlantic,FGB,east,,East Buoy 3,2022,9064,27.90683,-93.5991,27.90683,-93.5991,,HR,9.5,2.698215759,,,536.7231638,152.4415683
atlantic,FGB,east,,East Buoy 3,2022,9065,27.90873,-93.599,27.90873,-93.599,,HR,11,4.836136708,,,621.4689266,273.2280626
atlantic,FGB,east,,East Buoy 3,2022,9066,27.9107,-93.59916,27.9107,-93.59916,,HR,7.5,2.013619227,,,423.7288136,113.7637981
atlantic,FGB,east,,East Buoy 3,2022,9068,27.90873,-93.59863,27.90873,-93.59863,,HR,14,3.972656417,,,790.960452,224.4438654
atlantic,FGB,east,,East Buoy 3,2022,9069,27.90922,-93.59868,27.90922,-93.59868,,HR,15.5,2.898987637,,,875.7062147,163.7846123
atlantic,FGB,east,,East Buoy 3,2022,9070,27.9094,-93.5985,27.9094,-93.5985,,HR,11,5.127271959,,,621.4689266,289.6763819
atlantic,FGB,east,,East Buoy 3,2022,9071,27.91053,-93.59882,27.91053,-93.59882,,HR,9,2.935779721,,,508.4745763,165.8632611
atlantic,FGB,east,,East Buoy 3,2022,9074,27.90453,-93.59774,27.90453,-93.59774,,HR,8,2.562768629,,,451.9774011,144.7891881
atlantic,FGB,east,,East Buoy 3,2022,9075,27.90626,-93.59783,27.90626,-93.59783,,HR,11,2.037806379,,,621.4689266,115.1303039
atlantic,FGB,east,,East Buoy 3,2022,9076,27.90853,-93.59795,27.90853,-93.59795,,HR,7,2.668495136,,,395.480226,150.7624371
atlantic,FGB,east,,East Buoy 3,2022,9081,27.9099,-93.5971,27.9099,-93.5971,,HR,8,1.699945772,,,451.9774011,96.04213401
atlantic,FGB,east,,East Buoy 3,2022,9082,27.90511,-93.59661,27.90511,-93.59661,,HR,7.5,1.782864699,,,423.7288136,100.7268192
atlantic,FGB,east,,East Buoy 3,2022,9087,27.90502,-93.59593,27.90502,-93.59593,,LR,8.5,1.977577679,,,480.2259887,111.7275525
atlantic,FLK,lower,,inshore,2018,1002U,24.5679043,-81.65905089,24.5679043,-81.65905089,,ISOL_LR,4.75,0.013128732,,,268.3615819,0.741736271
atlantic,FLK,middle,,inshore,2022,1004,24.69326,-81.03875,24.69326,-81.03875,,CONT_LR,20,0.721793654,,,1129.943503,40.77930249
atlantic,FLK,middle,,inshore,2022,1005,24.69657,-81.05188,24.69657,-81.05188,,ISOL_LR,15.5,0.052101784,,,875.7062147,2.943603616
atlantic,FLK,upper,,inshore,2022,1006,24.9495,-80.55454,24.9495,-80.55454,,ISOL_LR,1.5,0.000886322,,,84.74576271,0.050074689
atlantic,FLK,lower,,inshore,2018,1008U,24.55260118,-81.68615984,24.55260118,-81.68615984,,ISOL_LR,18.5,2.481577993,,,1045.19774,140.2021465
atlantic,FLK,lower,,inshore,2018,1009U,24.55058022,-81.69836871,24.55058022,-81.69836871,,ISOL_LR,13.75,0.069544138,,,776.8361582,3.929047345
atlantic,FLK,middle,,inshore,2018,1011U,24.69558449,-81.05188063,24.69558449,-81.05188063,,ISOL_LR,39,4.296876811,,,2203.389831,242.7614018
atlantic,FLK,upper,,inshore,2018,1013U,24.94848519,-80.55135261,24.94848519,-80.55135261,,ISOL_LR,0.25,0.001484339,,,14.12429379,0.08386096
atlantic,FLK,upper,,inshore,2018,1014U,24.94973,-80.55353,24.94973,-80.55353,,ISOL_LR,2.665,0.175394271,,,150.5649718,9.909280847
atlantic,FLK,upper,,inshore,2022,1016,24.95192,-80.53704,24.95192,-80.53704,,ISOL_HR,15,1.556634185,,,847.4576271,87.94543418
atlantic,FLK,lower,,inshore,2018,1034U,24.57757575,-81.43966258,24.57757575,-81.43966258,,ISOL_MR,8.5,0.368338932,,,480.2259887,20.81010915
atlantic,FLK,lower,,inshore,2018,1036U,24.56209522,-81.55650754,24.56209522,-81.55650754,,ISOL_MR,14.5,1.611402626,,,819.2090395,91.03969638
atlantic,FLK,lower,,inshore,2022,1037,24.57847,-81.43934,24.57847,-81.43934,,ISOL_HR,39,0.732902076,,,2203.389831,41.40689695
atlantic,FLK,middle,,inshore,2022,1039,24.66643,-81.07462,24.66643,-81.07462,,ISOL_MR,11,0.107902744,,,621.4689266,6.096200226
atlantic,FLK,middle,,inshore,2018,1049U,24.66762896,-81.07011,24.66762896,-81.07011,,ISOL_MR,22.5,2.007149098,,,1271.186441,113.3982541
atlantic,FLK,middle,,inshore,2018,1053U,24.69007737,-81.03385969,24.69007737,-81.03385969,,ISOL_MR,30,2.52194634,,,1694.915254,142.4828441
atlantic,FLK,lower,,inshore,2022,1055,24.55509,-81.56663,24.55509,-81.56663,,ISOL_HR,10.5,0.029470975,,,593.220339,1.665026836
atlantic,FLK,upper,,inshore,2018,1057U,24.93350975,-80.5494998,24.93350975,-80.5494998,,ISOL_HR,33.5,2.740385126,,,1892.655367,154.8240184
atlantic,FLK,upper,,inshore,2018,1058U,24.9022216,-80.61657546,24.9022216,-80.61657546,,ISOL_LR,6,0.100951306,,,338.9830508,5.703463616
atlantic,FLK,upper,,inshore,2018,1059H,24.90323,-80.61779,24.90323,-80.61779,,ISOL_MR,33.5,0.235332494,,,1892.655367,13.29562113
atlantic,FLK,upper,,inshore,2018,1059U,24.90303,-80.61721,24.90303,-80.61721,,ISOL_LR,11.25,0.012941204,,,635.5932203,0.731141469
atlantic,FLK,lower,,inshore,2022,1063,24.5775,-81.4438,24.5775,-81.4438,,CONT_HR,22.5,0.250831227,,,1271.186441,14.17125576
atlantic,FLK,upper,,inshore,2022,1077,24.90207,-80.61317,24.90207,-80.61317,,ISOL_LR,0,0,,,0,0
atlantic,FLK,lower,,offshore,2022,1084,24.55588,-81.43408,24.55588,-81.43408,,ISOL_LR,0.5,0.000537296,,,28.24858757,0.030355706
atlantic,FLK,lower,,offshore,2022,1087,24.52081,-81.59098,24.52081,-81.59098,,CONT_MR,10,0.085406068,,,564.9717514,4.825201582
atlantic,FLK,lower,,offshore,2022,1089,24.50689,-81.59154,24.50689,-81.59154,,RUBB_MR,9,1.154335059,,,508.4745763,65.21667
atlantic,FLK,lower,,offshore,2022,1095,24.54847,-81.4527,24.54847,-81.4527,,CONT_MR,1.5,0.000876869,,,84.74576271,0.049540621
atlantic,FLK,lower,,offshore,2022,1097,24.52027,-81.59045,24.52027,-81.59045,,CONT_MR,10.5,0.766558732,,,593.220339,43.30840294
atlantic,FLK,upper,,offshore,2022,1126,24.86615,-80.58682,24.86615,-80.58682,,CONT_LR,1.5,0.2029725,,,84.74576271,11.46737288
atlantic,FLK,lower,,offshore,2022,1166,24.51023,-81.5676,24.51023,-81.5676,,CONT_MR,3,0.009099709,,,169.4915254,0.514107853
atlantic,FLK,lower,,offshore,2022,1168,24.51019,-81.56821,24.51019,-81.56821,,CONT_LR,11.5,0.41737697,,,649.7175141,23.58061977
atlantic,FLK,lower,,offshore,2022,1170,24.55312,-81.43715,24.55312,-81.43715,,CONT_MR,32,4.786754405,,,1807.909605,270.438102
atlantic,FLK,lower,,offshore,2018,1174U,24.54304129,-81.44363313,24.54304129,-81.44363313,,CONT_MR,1.5,0.036055483,,,84.74576271,2.037032938
atlantic,FLK,upper,,offshore,2022,1175,24.89777,-80.53732,24.89777,-80.53732,,SPGR_HR,10,0.331495879,,,564.9717514,18.72858073
atlantic,FLK,lower,,offshore,2018,1176U,24.55160517,-81.43135404,24.55160517,-81.43135404,,CONT_LR,13.25,0.025283892,,,748.5875706,1.428468475
atlantic,FLK,lower,,offshore,2022,1231,24.53316,-81.4674,24.53316,-81.4674,,SPGR_MR,13,0.09238106,,,734.4632768,5.219268927
atlantic,FLK,lower,,offshore,2018,1231U,24.53820555,-81.45357891,24.53820555,-81.45357891,,SPGR_LR,10.25,0.44558384,,,579.0960452,25.17422825
atlantic,FLK,upper,,offshore,2022,1236,24.88056,-80.56252,24.88056,-80.56252,,SPGR_HR,21,2.402222985,,,1186.440678,135.7188127
atlantic,FLK,middle,,inshore,2016,1245U,24.69644325,-81.0525045,24.69644325,-81.0525045,,ISOL_LR,23.75,0.109977301,,,1341.80791,6.213406836
atlantic,FLK,upper,,inshore,2016,1247U,24.94290273,-80.55424373,24.94290273,-80.55424373,,ISOL_HR,41.1255,8.754471265,,,2323.474576,494.6028963
atlantic,FLK,middle,,inshore,2016,1250U,24.65112471,-81.14212341,24.65112471,-81.14212341,,ISOL_LR,20.75,0.042044028,,,1172.316384,2.375368814
atlantic,FLK,middle,,inshore,2016,1251U,24.6659054,-81.07067434,24.6659054,-81.07067434,,ISOL_MR,16.2505,0.706488189,,,918.1073446,39.91458695
atlantic,FLK,upper,,inshore,2016,1253U,24.9086602,-80.6101151,24.9086602,-80.6101151,,ISOL_LR,0.25,0.000033,,,14.12429379,0.001864407
atlantic,FLK,upper,,inshore,2016,1255U,24.93386965,-80.55018607,24.93386965,-80.55018607,,ISOL_HR,59.3215,4.811720771,,,3351.497175,271.8486311
atlantic,FLK,upper,,inshore,2016,1256U,24.93743881,-80.54765988,24.93743881,-80.54765988,,ISOL_HR,44.875,4.062448167,,,2535.310734,229.5168456
atlantic,FLK,upper,,inshore,2016,1257U,24.90400535,-80.61690048,24.90400535,-80.61690048,,ISOL_MR,37,4.332666952,,,2090.39548,244.7834436
atlantic,FLK,upper,,inshore,2016,1258U,24.90363931,-80.61613896,24.90363931,-80.61613896,,ISOL_HR,34.7505,18.07663339,,,1963.305085,1021.278723
atlantic,FLK,lower,,offshore,2018,1261U,24.50559126,-81.58700013,24.50559126,-81.58700013,,SPGR_HR,15,0.537529003,,,847.4576271,30.36887023
atlantic,FLK,upper,,offshore,2016,1262U,24.86801634,-80.58508289,24.86801634,-80.58508289,,CONT_LR,17,0.043859892,,,960.4519774,2.47796
atlantic,FLK,middle,,offshore,2016,1285U,24.62694073,-81.10913474,24.62694073,-81.10913474,,SPGR_HR,23.6255,2.641940529,,,1334.774011,149.2621768
atlantic,FLK,middle,,offshore,2018,1285U,24.62592795,-81.11145353,24.62592795,-81.11145353,,SPGR_HR,27.75,17.94712131,,,1567.79661,1013.961656
atlantic,FLK,middle,,offshore,2016,1286U,24.6261719,-81.10806356,24.6261719,-81.10806356,,SPGR_HR,22.375,2.989171706,,,1264.124294,168.8797574
atlantic,FLK,middle,,offshore,2018,1286U,24.62666862,-81.11020829,24.62666862,-81.11020829,,SPGR_HR,20,4.631261573,,,1129.943503,261.6531962
atlantic,FLK,upper,,offshore,2018,1287U,24.88579073,-80.55222373,24.88579073,-80.55222373,,SPGR_HR,13.75,2.361013814,,,776.8361582,133.390611
atlantic,FLK,upper,,offshore,2022,1291,24.89767,-80.53666,24.89767,-80.53666,,SPGR_HR,8,0.959001797,,,451.9774011,54.18089249
atlantic,FLK,upper,,offshore,2022,1292,24.88498,-80.55269,24.88498,-80.55269,,SPGR_HR,32.5,0.889990429,,,1836.158192,50.28194514
atlantic,FLK,upper,,offshore,2022,1293,24.87526,-80.56912,24.87526,-80.56912,,SPGR_HR,33.5,5.644431828,,,1892.655367,318.8944536
atlantic,FLK,lower,,offshore,2018,1311U,24.52963985,-81.47153006,24.52963985,-81.47153006,,SPGR_LR,4.75,0.074699472,,,268.3615819,4.220309153
atlantic,FLK,upper,,offshore,2016,1312U,24.90710734,-80.53040928,24.90710734,-80.53040928,,CONT_LR,22.0565,2.942929141,,,1246.129944,166.2671831
atlantic,FLK,middle,,offshore,2018,1327U,24.62440408,-81.11544076,24.62440408,-81.11544076,,CONT_MR,14.25,2.651980696,,,805.0847458,149.8294179
atlantic,FLK,middle,,offshore,2016,1335U,24.62346394,-81.10883832,24.62346394,-81.10883832,,SPGR_LR,52.9155,1.026793402,,,2989.576271,58.01092667
atlantic,FLK,middle,,offshore,2016,1336U,24.6253241,-81.10534289,24.6253241,-81.10534289,,SPGR_LR,44.25,1.270319145,,,2500,71.76944322
atlantic,FLK,middle,,offshore,2016,1339U,24.62532504,-81.10173443,24.62532504,-81.10173443,,SPGR_LR,24.313,0.545936396,,,1373.615819,30.84386418
atlantic,FLK,middle,,offshore,2018,1344U,24.62451473,-81.11385521,24.62451473,-81.11385521,,SPGR_LR,2.75,0.389877866,,,155.3672316,22.02699808
atlantic,FLK,upper,,offshore,2016,1345U,24.91022677,-80.5236203,24.91022677,-80.5236203,,SPGR_LR,18.5,1.648779577,,,1045.19774,93.15138853
atlantic,FLK,middle,,offshore,2018,1345U,24.62249909,-81.11342,24.62249909,-81.11342,,SPGR_LR,29.75,8.90686893,,,1680.79096,503.2129339
atlantic,FLK,upper,,offshore,2022,1346,24.87135,-80.57406,24.87135,-80.57406,,SPGR_HR,31.5,1.399281177,,,1779.661017,79.05543373
atlantic,FLK,upper,,offshore,2018,1347U,24.88436527,-80.55630933,24.88436527,-80.55630933,,SPGR_LR,35.75,2.341833194,,,2019.774011,132.3069601
atlantic,FLK,upper,,offshore,2018,1348U,24.88588467,-80.56202527,24.88588467,-80.56202527,,SPGR_LR,11.5,0.666042002,,,649.7175141,37.62949164
atlantic,FLK,lower,,inshore,2022,1369,24.55046,-81.70069,24.55046,-81.70069,,ISOL_HR,33,4.590124942,,,1864.40678,259.3290928
atlantic,FLK,lower,,inshore,2016,1370U,24.55887556,-81.50894045,24.55887556,-81.50894045,,ISOL_LR,20,0.908202878,,,1129.943503,51.31089706
atlantic,FLK,upper,,inshore,2022,1371,24.93279,-80.54947,24.93279,-80.54947,,ISOL_HR,21.5,1.031908727,,,1214.689266,58.29992808
atlantic,FLK,lower,,inshore,2016,1371U,24.57063196,-81.45806196,24.57063196,-81.45806196,,ISOL_MR,40.25,0.127275855,,,2274.011299,7.190726271
atlantic,FLK,upper,,inshore,2022,1372,24.93671,-80.54596,24.93671,-80.54596,,ISOL_LR,5.5,0.085988297,,,310.7344633,4.858095876
atlantic,FLK,lower,,inshore,2016,1373U,24.58476519,-81.44386008,24.58476519,-81.44386008,,ISOL_MR,34.5,1.476637766,,,1949.152542,83.42586249
atlantic,FLK,upper,,inshore,2022,1375,24.93747,-80.54764,24.93747,-80.54764,,ISOL_HR,19.5,0.540713421,,,1101.694915,30.54878085
atlantic,FLK,upper,,inshore,2022,1376,24.93409,-80.54923,24.93409,-80.54923,,ISOL_HR,12,0.602979514,,,677.9661017,34.06663921
atlantic,FLK,upper,,inshore,2022,1379,24.90404,-80.61603,24.90404,-80.61603,,ISOL_HR,35.5,1.028923145,,,2005.649718,58.13125113
atlantic,FLK,upper,,inshore,2022,1380,24.90369,-80.61624,24.90369,-80.61624,,ISOL_HR,29.5,3.416629955,,,1666.666667,193.029941
atlantic,FLK,upper,,offshore,2018,1387U,24.89741372,-80.53789817,24.89741372,-80.53789817,,SPGR_HR,18.5,2.742751106,,,1045.19774,154.9576896
atlantic,FLK,upper,,offshore,2018,1389U,24.89342506,-80.54090462,24.89342506,-80.54090462,,SPGR_HR,33.25,0.880987256,,,1878.531073,49.7732913
atlantic,FLK,lower,,offshore,2016,1393U,24.52469745,-81.57616767,24.52469745,-81.57616767,,CONT_LR,18.5,2.158936081,,,1045.19774,121.9737899
atlantic,FLK,middle,,offshore,2022,1405,24.62538,-81.11225,24.62538,-81.11225,,SPGR_HR,34.5,3.940335999,,,1949.152542,222.6178531
atlantic,FLK,lower,,offshore,2016,1406U,24.50961574,-81.57145042,24.50961574,-81.57145042,,SPGR_HR,30.05,15.94885763,,,1697.740113,901.0654025
atlantic,FLK,lower,,offshore,2016,1431U,24.53993406,-81.47143099,24.53993406,-81.47143099,,CONT_LR,3.5,0.001374182,,,197.740113,0.077637401
atlantic,FLK,middle,,offshore,2022,1435,24.62442,-81.11379,24.62442,-81.11379,,CONT_MR,15.5,1.305765754,,,875.7062147,73.7720765
atlantic,FLK,middle,,offshore,2022,1436,24.62554,-81.11239,24.62554,-81.11239,,SPGR_HR,31,1.615838035,,,1751.412429,91.29028446
atlantic,FLK,lower,,offshore,2016,1439U,24.51482436,-81.56417336,24.51482436,-81.56417336,,CONT_LR,3,0.066791256,,,169.4915254,3.773517288
atlantic,FLK,lower,,offshore,2016,1441U,24.54112909,-81.44360579,24.54112909,-81.44360579,,CONT_LR,16.1245,0.373456712,,,910.9887006,21.09924927
atlantic,FLK,middle,,offshore,2022,1477,24.62201,-81.11191,24.62201,-81.11191,,SPGR_HR,12,0.469378211,,,677.9661017,26.51854299
atlantic,FLK,middle,,offshore,2022,1478,24.62547,-81.10481,24.62547,-81.10481,,SPGR_HR,20.5,0.227164247,,,1158.19209,12.83413825
atlantic,FLK,lower,,offshore,2016,1479U,24.53360212,-81.45719371,24.53360212,-81.45719371,,SPGR_LR,36.104,1.520701608,,,2039.774011,85.91534508
atlantic,FLK,upper,,inshore,2022,1497,24.94912,-80.538,24.94912,-80.538,,ISOL_LR,1,0.000238084,,,56.49717514,0.013451073
atlantic,FLK,upper,,inshore,2018,1514U,24.94523,-80.55161,24.94523,-80.55161,,ISOL_LR,1.333,0.000384805,,,75.31073446,0.021740395
atlantic,FLK,upper,,inshore,2022,1520,24.90091,-80.61759,24.90091,-80.61759,,ISOL_HR,24.5,17.83085704,,,1384.180791,1007.393053
atlantic,FLK,upper,,inshore,2022,1521,24.90029,-80.61704,24.90029,-80.61704,,ISOL_HR,29,0.432000899,,,1638.418079,24.40683045
atlantic,FLK,lower,,inshore,2018,1531U,24.55920827,-81.50610575,24.55920827,-81.50610575,,ISOL_MR,33,1.751112846,,,1864.40678,98.93292915
atlantic,FLK,lower,,inshore,2018,1532U,24.55076627,-81.58693736,24.55076627,-81.58693736,,ISOL_MR,12.5,0.47252003,,,706.2146893,26.69604689
atlantic,FLK,lower,,inshore,2018,1534U,24.56132516,-81.50220968,24.56132516,-81.50220968,,ISOL_LR,17.25,1.082860834,,,974.5762712,61.17857819
atlantic,FLK,middle,,inshore,2018,1552U,24.6737305,-81.06303122,24.6737305,-81.06303122,,ISOL_LR,12.25,0.762849422,,,692.0903955,43.0988374
atlantic,FLK,upper,,inshore,2022,1556,24.90235,-80.6206,24.90235,-80.6206,,ISOL_LR,0,0,,,0,0
atlantic,FLK,upper,,inshore,2018,1557H,24.93833,-80.54983,24.93833,-80.54983,,ISOL_LR,3,0.011342746,,,169.4915254,0.640833107
atlantic,FLK,upper,,inshore,2018,1557U,24.93808,-80.54971,24.93808,-80.54971,,ISOL_MR,7,0.875863989,,,395.480226,49.48384119
atlantic,FLK,middle,,offshore,2016,1657U,24.63236558,-81.09090326,24.63236558,-81.09090326,,SPGR_HR,26.876,5.530119439,,,1518.418079,312.4361265
atlantic,FLK,lower,,offshore,2018,1671U,24.54406173,-81.44120859,24.54406173,-81.44120859,,CONT_LR,7.5,0.018236652,,,423.7288136,1.030319322
atlantic,FLK,lower,,offshore,2018,1674U,24.55325294,-81.44021988,24.55325294,-81.44021988,,CONT_LR,20.25,2.632320342,,,1144.067797,148.7186634
atlantic,FLK,middle,,offshore,2022,1680,24.63308,-81.08176,24.63308,-81.08176,,SPGR_MR,28.5,11.94296901,,,1610.169492,674.7440118
atlantic,FLK,upper,,offshore,2022,1682,24.90454,-80.53295,24.90454,-80.53295,,ISOL_HR,15,3.612331057,,,847.4576271,204.0865004
atlantic,FLK,lower,,inshore,2022,1849,24.55269,-81.70299,24.55269,-81.70299,,ISOL_LR,5.5,0.003002225,,,310.7344633,0.169617232
atlantic,FLK,upper,,inshore,2022,9013,24.90357,-80.61605,24.90357,-80.61605,,ISOL_HR,33.5,1.249167839,,,1892.655367,70.57445418
atlantic,FLK,upper,,inshore,2022,9018,24.89723,-80.62202,24.89723,-80.62202,,ISOL_HR,82,1.411827132,,,4632.768362,79.76424475
atlantic,FLK,upper,,inshore,2022,9020,24.89815,-80.61774,24.89815,-80.61774,,ISOL_HR,25.5,0.186001588,,,1440.677966,10.50856429
atlantic,FLK,middle,,offshore,2022,9036,24.62724,-81.11044,24.62724,-81.11044,,CONT_MR,10.5,0.490951246,,,593.220339,27.73735853
atlantic,FLK,middle,,offshore,2022,9069,24.6249,-81.11135,24.6249,-81.11135,,CONT_LR,3,0.143124832,,,169.4915254,8.086148701
atlantic,FLK,middle,,offshore,2022,9070,24.62589,-81.1104,24.62589,-81.1104,,SPGR_HR,13.5,5.597097696,,,762.7118644,316.2202088
atlantic,FLK,upper,,inshore,2022,9112,24.90447,-80.61357,24.90447,-80.61357,,ISOL_HR,55,2.001154322,,,3107.344633,113.0595662
atlantic,FLK,upper,,inshore,2022,9119,24.90403,-80.61852,24.90403,-80.61852,,ISOL_HR,99,7.480004088,,,5593.220339,422.599101
atlantic,FLK,upper,,inshore,2022,9122,24.90358,-80.61902,24.90358,-80.61902,,ISOL_HR,16,2.256381239,,,903.9548023,127.479166
atlantic,FLK,middle,,offshore,2022,9151,24.62678,-81.11092,24.62678,-81.11092,,SPGR_HR,11,3.172705106,,,621.4689266,179.248876
atlantic,FLK,middle,,offshore,2022,9194,24.62538,-81.11042,24.62538,-81.11042,,SPGR_MR,15.5,12.78875439,,,875.7062147,722.5284967
atlantic,FLK,upper,,inshore,2022,9210,24.90355,-80.60961,24.90355,-80.60961,,ISOL_HR,52,1.495295387,,,2937.853107,84.47996537
atlantic,FLK,upper,,inshore,2022,9211,24.90423,-80.60965,24.90423,-80.60965,,ISOL_HR,29,2.493038783,,,1638.418079,140.8496488
atlantic,FLK,upper,,inshore,2022,9215,24.89819,-80.61919,24.89819,-80.61919,,ISOL_HR,65.5,0.723024965,,,3700.564972,40.84886808
atlantic,PR,east,,Culebra,2016,1005,18.32018,-65.3327,18.32018,-65.3327,,PVMT,6.5,0.321173649,,,367.2316384,18.1454039
atlantic,PR,east,,Culebra,2016,1009,18.3269,-65.33095,18.3269,-65.33095,,AGRF,71,2.676753479,,,4011.299435,151.2290101
atlantic,PR,east,,Culebra,2016,1013,18.31184,-65.31681,18.31184,-65.31681,,SCR,18.5,0.037504744,,,1045.19774,2.11891209
atlantic,PR,east,,Culebra,2016,1017,18.32151,-65.32755,18.32151,-65.32755,,SCR,3,0.695518857,,,169.4915254,39.29485068
atlantic,PR,east,,Fajardo,2016,1020,18.35498,-65.56694,18.35498,-65.56694,,PTRF,30,1.138914898,,,1694.915254,64.34547446
atlantic,PR,east,,Fajardo,2016,1029,18.33913,-65.55685,18.33913,-65.55685,,PTRF,12.5,0.488161263,,,706.2146893,27.57973237
atlantic,PR,east,,Fajardo,2016,1031,18.33812,-65.5616,18.33812,-65.5616,,PVMT,24.5,0.918573815,,,1384.180791,51.89682571
atlantic,PR,east,,Fajardo,2016,1037,18.34444,-65.56046,18.34444,-65.56046,,AGRF,9.5,0.452515717,,,536.7231638,25.56585972
atlantic,PR,north,,San Juan,2016,2031,18.46334,-66.05654,18.46334,-66.05654,,SCR,5,0.005676848,,,282.4858757,0.320725876
atlantic,PR,north,,San Juan,2016,2032,18.46289,-66.00464,18.46289,-66.00464,,AGRF,0,0,,,0,0
atlantic,PR,north,,San Juan,2016,2046,18.45371,-66.02283,18.45371,-66.02283,,AGRF,1,0.014725829,,,56.49717514,0.83196774
atlantic,PR,south,,La Parguera,2016,3037,17.92586,-67.08847,17.92586,-67.08847,,AGRF,18.5,1.145192434,,,1045.19774,64.70013751
atlantic,PR,south,,La Parguera,2016,3038,17.93944,-67.03694,17.93944,-67.03694,,AGRF,7.5,0.240255227,,,423.7288136,13.57374164
atlantic,PR,south,,La Parguera,2016,3048,17.92213,-66.99948,17.92213,-66.99948,,PTRF,14.5,0.902883243,,,819.2090395,51.01035271
atlantic,PR,south,,La Parguera,2016,3049,17.92854,-66.97656,17.92854,-66.97656,,PTRF,17.5,0.710771578,,,988.700565,40.15658633
atlantic,PR,south,,La Parguera,2016,3050,17.94373,-67.07207,17.94373,-67.07207,,PTRF,5.5,0.259724594,,,310.7344633,14.67370588
atlantic,PR,south,,Jabos Bay,2016,3059,17.8891,-66.27213,17.8891,-66.27213,,PVMT,1,0.00076233,,,56.49717514,0.043069492
atlantic,PR,south,,Jabos Bay,2016,3061,17.912,-66.1142,17.912,-66.1142,,PVMT,15,0.678754016,,,847.4576271,38.34768452
atlantic,PR,south,,Jabos Bay,2016,3062,17.9324,-66.0336,17.9324,-66.0336,,AGRF,21,1.192836129,,,1186.440678,67.39187169
atlantic,PR,south,,La Parguera,2016,3077,17.92023,-67.00885,17.92023,-67.00885,,AGRF,24,0.885998583,,,1355.932203,50.05641712
atlantic,PR,south,,Jabos Bay,2016,3090,17.9265,-66.1299,17.9265,-66.1299,,PVMT,0.5,0.000272566,,,28.24858757,0.015399209
atlantic,PR,south,,Jabos Bay,2016,3091,17.9366,-66.0406,17.9366,-66.0406,,AGRF,13.5,0.268383104,,,762.7118644,15.16288723
atlantic,PR,south,,La Parguera,2016,3093,17.91831,-67.10453,17.91831,-67.10453,,AGRF,4,0.46627713,,,225.9887006,26.34334068
atlantic,PR,south,,Jabos Bay,2016,3103,17.94346,-66.07121,17.94346,-66.07121,,PTRF,4,0.310629947,,,225.9887006,17.54971452
atlantic,PR,south,,Jabos Bay,2016,3104,17.9469,-66.0881,17.9469,-66.0881,,PTRF,8.5,0.539048406,,,480.2259887,30.4547122
atlantic,PR,south,,La Parguera,2016,3105,17.93189,-67.10159,17.93189,-67.10159,,PTRF,13,0.479579731,,,734.4632768,27.09490006
atlantic,PR,south,,La Parguera,2016,3106,17.939,-67.0471,17.939,-67.0471,,SCR,3,0.005027952,,,169.4915254,0.284065085
atlantic,PR,south,,Jabos Bay,2016,3114,17.9366,-66.0189,17.9366,-66.0189,,PVMT,5,0.05990036,,,282.4858757,3.38420113
atlantic,PR,south,,Jabos Bay,2016,3193,17.8852,-66.284,17.8852,-66.284,,SCR,0.5,0.001055323,,,28.24858757,0.059622768
atlantic,PR,south,,La Parguera,2019,6038,17.9082416,-66.9966463,17.9082416,-66.9966463,,AGRF,15.5,1.92540461,,,875.7062147,108.7799215
atlantic,PR,south,,La Parguera,2019,6044,17.9165737,-66.9724882,17.9165737,-66.9724882,,AGRF,8.5,0.830602459,,,480.2259887,46.9266926
atlantic,PR,south,,Jabos Bay,2021,6045,17.88837,-66.24729,17.88837,-66.24729,,PVMT,2,0.001730426,,,112.9943503,0.097764181
atlantic,PR,south,,La Parguera,2019,6050,17.9219077,-67.0078175,17.9219077,-67.0078175,,PVMT,10,0.516869383,,,564.9717514,29.20166006
atlantic,PR,south,,La Parguera,2021,6056,17.90331,-67.00045,17.90331,-67.00045,,AGRF,31.5,2.559978251,,,1779.661017,144.6315396
atlantic,PR,south,,La Parguera,2019,6058,17.9288979,-67.1200519,17.9288979,-67.1200519,,AGRF,11.5,0.406692355,,,649.7175141,22.97696921
atlantic,PR,south,,La Parguera,2019,6062,17.9303353,-67.0369808,17.9303353,-67.0369808,,PVMT,4.5,0.528972196,,,254.2372881,29.8854348
atlantic,PR,south,,Jabos Bay,2021,6083,17.91282,-66.24285,17.91282,-66.24285,,AGRF,18.5,3.764581303,,,1045.19774,212.6882092
atlantic,PR,south,,La Parguera,2019,6085,17.9403658,-67.0916143,17.9403658,-67.0916143,,SCR,3,0.00055202,,,169.4915254,0.031187571
atlantic,PR,south,,La Parguera,2021,6086,17.92542,-67.0909,17.92542,-67.0909,,AGRF,29,1.314771118,,,1638.418079,74.28085412
atlantic,PR,south,,La Parguera,2021,6089,17.92716,-67.08344,17.92716,-67.08344,,AGRF,31.5,1.008840475,,,1779.661017,56.99663701
atlantic,PR,south,,Jabos Bay,2021,6097,17.92131,-66.12521,17.92131,-66.12521,,PVMT,7,0.161655141,,,395.480226,9.133058814
atlantic,PR,east,,Culebra,2019,6320,18.30126,-65.31244,18.30126,-65.31244,,PTRF,16.5,0.572154772,,,932.2033898,32.32512836
atlantic,PR,east,,Culebra,2019,6330,18.3041,-65.312,18.3041,-65.312,,SCR,3,0.435699704,,,169.4915254,24.61580249
atlantic,PR,east,,Culebra,2021,6344,18.30559,-65.31516,18.30559,-65.31516,,PTRF,20.5,0.481802547,,,1158.19209,27.22048288
atlantic,PR,west,,Rincon,2019,6360,18.3440651,-67.2660386,18.3440651,-67.2660386,,SCR,0,0,,,0,0
atlantic,PR,west,,Rincon,2019,6365,18.345446,-67.2688632,18.345446,-67.2688632,,AGRF,9,0.912619723,,,508.4745763,51.56043633
atlantic,PR,east,,Culebra,2021,6367,18.3145,-65.31828,18.3145,-65.31828,,BDRK,7,0.007661117,,,395.480226,0.432831469
atlantic,PR,west,,Rincon,2019,6370,18.3463537,-67.2693272,18.3463537,-67.2693272,,AGRF,8,0.338322779,,,451.9774011,19.1142813
atlantic,PR,west,,Rincon,2019,6371,18.3463279,-67.2664891,18.3463279,-67.2664891,,AGRF,3,0.091511177,,,169.4915254,5.170122994
atlantic,PR,west,,Rincon,2019,6375,18.3468183,-67.2707418,18.3468183,-67.2707418,,AGRF,7,0.627010136,,,395.480226,35.42430147
atlantic,PR,west,,Rincon,2019,6377,18.3477346,-67.2721519,18.3477346,-67.2721519,,AGRF,12,0.747666083,,,677.9661017,42.24102164
atlantic,PR,west,,Rincon,2021,6377,18.34498,-67.26604,18.34498,-67.26604,,PTRF,9,0.730578745,,,508.4745763,41.27563531
atlantic,PR,west,,Rincon,2019,6378,18.3477174,-67.2702598,18.3477174,-67.2702598,,SCR,1.5,0.279867957,,,84.74576271,15.81174898
atlantic,PR,west,,Rincon,2019,6379,18.3477131,-67.2697867,18.3477131,-67.2697867,,SCR,0.5,0.001378676,,,28.24858757,0.077891299
atlantic,PR,west,,Rincon,2019,6380,18.3476615,-67.2641104,18.3476615,-67.2641104,,AGRF,1,0.190893799,,,56.49717514,10.7849604
atlantic,PR,west,,Rincon,2019,6385,18.3499416,-67.266453,18.3499416,-67.266453,,AGRF,4.5,0.91176161,,,254.2372881,51.51195537
atlantic,PR,west,,Rincon,2021,6385,18.34676,-67.26694,18.34676,-67.26694,,AGRF,18,0.77982771,,,1016.949153,44.05806271
atlantic,PR,west,,Rincon,2021,6386,18.34686,-67.2651,18.34686,-67.2651,,AGRF,8,0.585665313,,,451.9774011,33.08843576
atlantic,PR,west,,Rincon,2019,6387,18.3503933,-67.2664485,18.3503933,-67.2664485,,AGRF,10.5,2.996299158,,,593.220339,169.2824383
atlantic,PR,west,,Rincon,2021,6389,18.34783,-67.27162,18.34783,-67.27162,,AGRF,8.5,0.898071191,,,480.2259887,50.73848537
atlantic,PR,east,,Fajardo,2019,6391,18.33794,-65.55695,18.33794,-65.55695,,AGRF,12.5,0.793996079,,,706.2146893,44.85853554
atlantic,PR,east,,Fajardo,2019,6395,18.34126,-65.57332,18.34126,-65.57332,,SCR,6.5,0.193964429,,,367.2316384,10.95844232
atlantic,PR,east,,Culebra,2021,6395,18.32128,-65.33337,18.32128,-65.33337,,PVMT,15.5,0.659255571,,,875.7062147,37.24607746
atlantic,PR,east,,Fajardo,2019,6398,18.34248,-65.56769,18.34248,-65.56769,,SCR,0.5,0.000225034,,,28.24858757,0.012713785
atlantic,PR,west,,Rincon,2021,6399,18.35056,-67.26813,18.35056,-67.26813,,PVMT,12,3.129025629,,,677.9661017,176.781109
atlantic,PR,west,,Rincon,2021,6400,18.3503,-67.26704,18.3503,-67.26704,,AGRF,5,0.587904278,,,282.4858757,33.21493096
atlantic,PR,east,,Fajardo,2019,6402,18.34369,-65.57078,18.34369,-65.57078,,PTRF,38,0.145224491,,,2146.892655,8.204773503
atlantic,PR,east,,Fajardo,2019,6403,18.34462,-65.57417,18.34462,-65.57417,,PTRF,21.5,0.565562295,,,1214.689266,31.95267203
atlantic,PR,east,,Culebra,2021,6407,18.32425,-65.33233,18.32425,-65.33233,,SCR,0,0,,,0,0
atlantic,PR,east,,Fajardo,2019,6408,18.34541,-65.56293,18.34541,-65.56293,,AGRF,23.5,0.489022794,,,1327.683616,27.62840644
atlantic,PR,east,,Culebra,2021,6411,18.33053,-65.33249,18.33053,-65.33249,,AGRF,15.5,0.93778712,,,875.7062147,52.98232316
atlantic,PR,east,,Fajardo,2019,6414,18.34908,-65.5779,18.34908,-65.5779,,SCR,3,0.074850265,,,169.4915254,4.228828531
atlantic,PR,east,,Fajardo,2021,6420,18.34494,-65.57377,18.34494,-65.57377,,PTRF,25,0.214252604,,,1412.429379,12.10466689
atlantic,PR,east,,Fajardo,2019,6437,18.35448,-65.56693,18.35448,-65.56693,,AGRF,25.5,1.008392553,,,1440.677966,56.97133068
atlantic,PR,east,,Fajardo,2021,6437,18.35495,-65.57593,18.35495,-65.57593,,SCR,4,0.860220542,,,225.9887006,48.60003062
atlantic,PR,east,,Fajardo,2021,6442,18.35598,-65.57395,18.35598,-65.57395,,PVMT,12.5,0.303997067,,,706.2146893,17.17497554
atlantic,PR,east,,Fajardo,2019,6444,18.35547,-65.57403,18.35547,-65.57403,,PVMT,9.5,0.459317929,,,536.7231638,25.95016548
atlantic,PR,north,,San Juan,2019,6532,18.45192,-66.02245,18.45192,-66.02245,,PTRF,1,0.0724687,,,56.49717514,4.094276836
atlantic,PR,north,,San Juan,2019,6535,18.45448,-66.04129,18.45448,-66.04129,,PTRF,3,0.130964654,,,169.4915254,7.399132994
atlantic,PR,north,,San Juan,2019,6536,18.45491,-66.03983,18.45491,-66.03983,,PTRF,2,0.072440297,,,112.9943503,4.092672147
atlantic,PR,north,,San Juan,2019,6540,18.45636,-66.04877,18.45636,-66.04877,,PTRF,0,0,,,0,0
atlantic,PR,north,,San Juan,2019,6541,18.45609,-66.02988,18.45609,-66.02988,,PTRF,2.5,0.011203289,,,141.2429379,0.632954181
atlantic,PR,north,,San Juan,2019,6543,18.45942,-66.01189,18.45942,-66.01189,,PVMT,0.5,0.0476561,,,28.24858757,2.692435028
atlantic,PR,north,,San Juan,2019,6544,18.46119,-66.00991,18.46119,-66.00991,,PVMT,0,0,,,0,0
atlantic,PR,north,,San Juan,2019,6545,18.46264,-66.04299,18.46264,-66.04299,,PVMT,0,0,,,0,0
atlantic,PR,north,,San Juan,2019,6548,18.46835,-66.1508,18.46835,-66.1508,,PVMT,11.5,0.090887174,,,649.7175141,5.134868588
atlantic,PR,north,,San Juan,2019,6551,18.47189,-66.14499,18.47189,-66.14499,,PVMT,0.5,0.004396485,,,28.24858757,0.248388983
atlantic,STJ,south,,Tektite,2019,5089,18.30541,-64.71229,18.30541,-64.71229,,SCR,4,0.042023405,,,225.9887006,2.374203672
atlantic,STJ,south,,Tektite,2019,5096,18.30744,-64.71985,18.30744,-64.71985,,BDRK,19.5,2.961984692,,,1101.694915,167.3437679
atlantic,STJ,south,,Tektite,2019,5114,18.30987,-64.71704,18.30987,-64.71704,,BDRK,7.5,1.36874281,,,423.7288136,77.33010226
atlantic,STJ,south,,Tektite,2021,5121,18.30357,-64.71097,18.30357,-64.71097,,AGRF,38.5,0.449842119,,,2175.141243,25.41480898
atlantic,STJ,south,,Tektite,2021,5130,18.30555,-64.71277,18.30555,-64.71277,,SCR,0,0,,,0,0
atlantic,STJ,south,,Tektite,2021,5140,18.30724,-64.71382,18.30724,-64.71382,,SCR,0.5,0.000106063,,,28.24858757,0.00599226
atlantic,STJ,south,,Tektite,2021,5154,18.30902,-64.71287,18.30902,-64.71287,,BDRK,40.5,0.117084842,,,2288.135593,6.614962825
atlantic,STJ,south,,Tektite,2021,5166,18.31026,-64.72176,18.31026,-64.72176,,PTRF,40.5,1.006952411,,,2288.135593,56.88996672
atlantic,STT,south,,Brewer's Bay,2019,5177,18.32859,-64.9714,18.32859,-64.9714,,AGRF,22,1.596591686,,,1242.937853,90.20292011
atlantic,STJ,east,,Newfound,2019,5182,18.33353,-64.66028,18.33353,-64.66028,,AGRF,27.5,0.91536359,,,1553.672316,51.71545706
atlantic,STJ,east,,Newfound,2019,5188,18.33613,-64.66216,18.33613,-64.66216,,BDRK,30,1.742112993,,,1694.915254,98.42446288
atlantic,STT,west,,Sava,2019,5202,18.33612,-65.07932,18.33612,-65.07932,,PVMT,15.5,1.009966962,,,875.7062147,57.06028034
atlantic,STT,south,,Brewer's Bay,2019,5204,18.33896,-64.97864,18.33896,-64.97864,,BDRK,348.5,0.774921923,,,19689.26554,43.7808996
atlantic,STT,west,,Sava,2019,5206,18.33835,-65.07545,18.33835,-65.07545,,AGRF,6,0.140449908,,,338.9830508,7.935023051
atlantic,STT,south,,Brewer's Bay,2021,5212,18.32683,-64.97369,18.32683,-64.97369,,BDRK,16.5,0.355112217,,,932.2033898,20.06283712
atlantic,STJ,west,,Steven Cay,2021,5215,18.33043,-64.80956,18.33043,-64.80956,,AGRF,55,0.987838989,,,3107.344633,55.81011237
atlantic,STJ,east,,Newfound,2019,5218,18.34426,-64.66076,18.34426,-64.66076,,SCR,17.5,0.355408754,,,988.700565,20.07959062
atlantic,STJ,west,,Steven Cay,2021,5218,18.33136,-64.80915,18.33136,-64.80915,,BDRK,25,1.445840331,,,1412.429379,81.68589441
atlantic,STJ,west,,Steven Cay,2019,5221,18.34413,-64.7892,18.34413,-64.7892,,SCR,0,0,,,0,0
atlantic,STT,west,,Sava,2019,5226,18.34232,-65.06933,18.34232,-65.06933,,HARD,4.5,0.258532335,,,254.2372881,14.60634661
atlantic,STJ,west,,Steven Cay,2019,5227,18.34514,-64.79599,18.34514,-64.79599,,AGRF,22.5,0.490199149,,,1271.186441,27.69486718
atlantic,STT,west,,Sava,2019,5240,18.34445,-65.05365,18.34445,-65.05365,,PVMT,0,0,,,0,0
atlantic,STT,south,,Brewer's Bay,2019,5242,18.34517,-64.98805,18.34517,-64.98805,,AGRF,29,1.255953172,,,1638.418079,70.95780633
atlantic,STT,south,,Brewer's Bay,2019,5243,18.34524,-64.9838,18.34524,-64.9838,,PVMT,27.5,0.091934255,,,1553.672316,5.194025706
atlantic,STT,west,,Sava,2019,5247,18.34506,-65.05332,18.34506,-65.05332,,PVMT,0,0,,,0,0
atlantic,STJ,east,,Newfound,2019,5250,18.34879,-64.67526,18.34879,-64.67526,,SCR,16.5,0.037227672,,,932.2033898,2.103258305
atlantic,STT,south,,Brewer's Bay,2019,5251,18.34621,-64.98628,18.34621,-64.98628,,BDRK,29,0.614846377,,,1638.418079,34.73708345
atlantic,STJ,east,,Newfound,2019,5261,18.35056,-64.67926,18.35056,-64.67926,,AGRF,70.5,1.65758239,,,3983.050847,93.6487226
atlantic,STJ,east,,Newfound,2021,5268,18.34354,-64.66013,18.34354,-64.66013,,PVMT,10,0.217752694,,,564.9717514,12.30241209
atlantic,STJ,east,,Newfound,2021,5274,18.34522,-64.66221,18.34522,-64.66221,,BDRK,1,0.025737387,,,56.49717514,1.454089661
atlantic,STT,south,,Brewer's Bay,2021,5275,18.34305,-64.98288,18.34305,-64.98288,,AGRF,38,0.445052103,,,2146.892655,25.14418661
atlantic,STJ,west,,Steven Cay,2019,5289,18.34166,-64.79162,18.34166,-64.79162,,AGRF,11.5,0.383878674,,,649.7175141,21.68806068
atlantic,STT,south,,Brewer's Bay,2021,5289,18.34554,-64.9876,18.34554,-64.9876,,PTRF,33,0.520834703,,,1864.40678,29.42568944
atlantic,STT,west,,Sava,2021,5291,18.34583,-65.05309,18.34583,-65.05309,,PVMT,0,0,,,0,0
atlantic,STJ,east,,Newfound,2021,5304,18.35104,-64.67034,18.35104,-64.67034,,AGRF,7,0.217819837,,,395.480226,12.30620548
atlantic,STJ,north,,Johnson's Reef,2019,5317,18.35968,-64.75918,18.35968,-64.75918,,AGRF,38.5,2.64255542,,,2175.141243,149.2969164
atlantic,STJ,north,,Johnson's Reef,2019,5319,18.36018,-64.7612,18.36018,-64.7612,,AGRF,45,0.235867315,,,2542.372881,13.32583701
atlantic,STJ,north,,Johnson's Reef,2019,5326,18.36136,-64.76777,18.36136,-64.76777,,AGRF,14.5,0.381485625,,,819.2090395,21.55286017
atlantic,STJ,north,,Johnson's Reef,2019,5328,18.36171,-64.77119,18.36171,-64.77119,,AGRF,27.5,0.558114347,,,1553.672316,31.53188401
atlantic,STJ,north,,Johnson's Reef,2019,5335,18.3628,-64.77025,18.3628,-64.77025,,PTRF,12.5,1.621649556,,,706.2146893,91.61861898
atlantic,STJ,north,,Johnson's Reef,2021,5356,18.36067,-64.77364,18.36067,-64.77364,,PVMT,17.5,0.081229692,,,988.700565,4.589248136
atlantic,STJ,north,,Johnson's Reef,2021,5358,18.36186,-64.7641,18.36186,-64.7641,,AGRF,21,0.618241367,,,1186.440678,34.92889079
atlantic,STJ,north,,Johnson's Reef,2021,5377,18.36443,-64.77156,18.36443,-64.77156,,AGRF,20.5,0.80171051,,,1158.19209,45.2943791
atlantic,STT,north,,Inner Brass,2019,5432,18.37882,-64.97709,18.37882,-64.97709,,AGRF,39.5,1.528259108,,,2231.638418,86.34232249
atlantic,STT,north,,Inner Brass,2019,5434,18.37973,-64.96517,18.37973,-64.96517,,PVMT,76,5.700593725,,,4293.785311,322.0674421
atlantic,STT,north,,Inner Brass,2019,5435,18.38238,-64.97422,18.38238,-64.97422,,PVMT,9,0.315457204,,,508.4745763,17.8224409
atlantic,STT,west,,Sava,2019,5437,18.38283,-65.05736,18.38283,-65.05736,,HARD,9,0.815222971,,,508.4745763,46.05779497
atlantic,STT,west,,Sava,2021,5438,18.37654,-65.05313,18.37654,-65.05313,,HARD,0,0,,,0,0
atlantic,STT,north,,Inner Brass,2019,5439,18.38632,-64.97631,18.38632,-64.97631,,BDRK,11,1.07951713,,,621.4689266,60.98966836
atlantic,STT,north,,Inner Brass,2019,5441,18.39098,-64.97076,18.39098,-64.97076,,PVMT,54,5.067880586,,,3050.847458,286.3209371
atlantic,STT,north,,Inner Brass,2019,5444,18.40088,-64.97542,18.40088,-64.97542,,BDRK,28,2.017090198,,,1581.920904,113.9598982
atlantic,STT,north,,Inner Brass,2021,5444,18.38468,-64.96439,18.38468,-64.96439,,PVMT,28,1.052028597,,,1581.920904,59.4366439
atlantic,STT,north,,Inner Brass,2021,5449,18.38698,-64.96364,18.38698,-64.96364,,PVMT,21.5,0.257802272,,,1214.689266,14.56510011
atlantic,STT,north,,Inner Brass,2021,5457,18.38973,-64.96825,18.38973,-64.96825,,PVMT,28.5,0.6597084,,,1610.169492,37.27166102
atlantic,STT,north,,Inner Brass,2021,5464,18.39821,-64.9748,18.39821,-64.9748,,BDRK,14.5,1.138652316,,,819.2090395,64.33063932
atlantic,STT,north,,Inner Brass,2021,5466,18.39961,-64.97691,18.39961,-64.97691,,PVMT,17,0.573986928,,,960.4519774,32.42864
atlantic,STJ,west,,Steven Cay,2017,6001,18.32579,-64.80147,18.32579,-64.80147,,BDRK,30,0.717670794,,,1694.915254,40.54637254
atlantic,STT,west,,Sava,2017,6015,18.38013,-65.06458,18.38013,-65.06458,,BDRK,10.5,0.988093168,,,593.220339,55.82447277
atlantic,STT,north,,Inner Brass,2017,6034,18.37698,-64.96288,18.37698,-64.96288,,AGRF,26,1.475870242,,,1468.926554,83.38249955
atlantic,STJ,west,,Steven Cay,2017,6060,18.32787,-64.80966,18.32787,-64.80966,,HARD,17,0.04369944,,,960.4519774,2.468894915
atlantic,STT,west,,Sava,2017,6086,18.33763,-65.06265,18.33763,-65.06265,,HARD,4,0.327043224,,,225.9887006,18.47701831
atlantic,STT,west,,Sava,2017,6087,18.34148,-65.05565,18.34148,-65.05565,,HARD,1,0.018099873,,,56.49717514,1.022591695
atlantic,STT,west,,Sava,2017,6088,18.34432,-65.05556,18.34432,-65.05556,,HARD,8,0.04749386,,,451.9774011,2.683268927
atlantic,STT,north,,Inner Brass,2017,6102,18.38483,-64.95964,18.38483,-64.95964,,HARD,8,0.157364276,,,451.9774011,8.890637062
atlantic,STJ,north,,Johnson's Reef,2017,6117,18.36237,-64.75802,18.36237,-64.75802,,PTRF,11,0.647269496,,,621.4689266,36.56889808
atlantic,STT,south,,Brewer's Bay,2017,6120,18.34608,-64.98832,18.34608,-64.98832,,PTRF,22,1.437707108,,,1242.937853,81.22639028
atlantic,STJ,south,,Tektite,2017,6143,18.30311,-64.71059,18.30311,-64.71059,,AGRF,27,1.44929726,,,1525.423729,81.88120113
atlantic,STJ,south,,Tektite,2017,6144,18.31429,-64.73415,18.31429,-64.73415,,PVMT,12,0.341893107,,,677.9661017,19.31599475
atlantic,STJ,east,,Newfound,2017,6171,18.33285,-64.66449,18.33285,-64.66449,,AGRF,13,0.152452672,,,734.4632768,8.613145311
atlantic,STJ,south,,Tektite,2017,6175,18.30808,-64.71913,18.30808,-64.71913,,AGRF,21,0.670684973,,,1186.440678,37.89180638
atlantic,STJ,east,,Newfound,2017,6184,18.33743,-64.66258,18.33743,-64.66258,,PTRF,5.5,0.423237885,,,310.7344633,23.91174492
atlantic,STJ,south,,Tektite,2017,6189,18.31608,-64.737,18.31608,-64.737,,AGRF,22,1.031620052,,,1242.937853,58.28361876
atlantic,STT,south,,Brewer's Bay,2017,6193,18.32857,-64.97172,18.32857,-64.97172,,AGRF,18,0.898326308,,,1016.949153,50.75289876
atlantic,STJ,east,,Newfound,2017,6206,18.34711,-64.66856,18.34711,-64.66856,,PTRF,11,0.377362348,,,621.4689266,21.31990667
atlantic,STJ,east,,Newfound,2017,6209,18.34931,-64.67914,18.34931,-64.67914,,PTRF,43.5,1.249726778,,,2457.627119,70.60603266
atlantic,STT,south,,Brewer's Bay,2017,6212,18.34307,-64.98274,18.34307,-64.98274,,PTRF,26.5,0.34626758,,,1497.175141,19.56314011
atlantic,STJ,north,,Johnson's Reef,2017,6225,18.36146,-64.77109,18.36146,-64.77109,,AGRF,53.5,0.302593751,,,3022.59887,17.09569215
atlantic,STT,south,,Brewer's Bay,2017,6229,18.32765,-64.97366,18.32765,-64.97366,,AGRF,30,0.679548627,,,1694.915254,38.3925778
atlantic,STT,north,,Inner Brass,2017,6234,18.3797,-64.96581,18.3797,-64.96581,,AGRF,8.5,0.640722368,,,480.2259887,36.19900384
atlantic,STJ,east,,Newfound,2017,6239,18.34807,-64.67771,18.34807,-64.67771,,SCR,15,0.052093598,,,847.4576271,2.94314113
atlantic,STJ,south,,Tektite,2017,6258,18.31561,-64.72647,18.31561,-64.72647,,BDRK,42,1.036797982,,,2372.881356,58.57615718
atlantic,STJ,west,,Steven Cay,2017,6278,18.3378,-64.79792,18.3378,-64.79792,,AGRF,31,0.704323154,,,1751.412429,39.79226859
atlantic,STJ,north,,Johnson's Reef,2017,6279,18.36311,-64.77542,18.36311,-64.77542,,AGRF,48.5,1.51820982,,,2740.112994,85.7745661
atlantic,STJ,north,,Johnson's Reef,2017,6331,18.36437,-64.77161,18.36437,-64.77161,,PTRF,27.5,1.239637657,,,1553.672316,70.03602582
atlantic,STJ,west,,Steven Cay,2017,6352,18.34387,-64.79642,18.34387,-64.79642,,PTRF,41,0.592621293,,,2316.384181,33.48142898
atlantic,STJ,north,,Johnson's Reef,2017,6392,18.36098,-64.76263,18.36098,-64.76263,,AGRF,67,2.85440022,,,3785.310734,161.2655492
atlantic,STJ,west,,Steven Cay,2017,6900,18.32837,-64.80996,18.32837,-64.80996,,HARD,3.5,0.002702151,,,197.740113,0.152663898
atlantic,STX,west,,Sprat Hole,2017,1018,17.74224,-64.89974,17.74224,-64.89974,,AGRF,36.5,1.254364654,,,2062.146893,70.86805955
atlantic,STX,north,,Salt River,2017,1023,17.78533,-64.76053,17.78533,-64.76053,,AGRF,13,0.581806039,,,734.4632768,32.87039768
atlantic,STX,north,,Salt River,2017,1024,17.78686,-64.75798,17.78686,-64.75798,,AGRF,27,1.616469207,,,1525.423729,91.3259439
atlantic,STX,south,,South,2017,1033,17.69822,-64.62501,17.69822,-64.62501,,HARD,18.5,1.989342775,,,1045.19774,112.3922472
atlantic,STX,north,,Salt River,2017,1039,17.7843,-64.75804,17.7843,-64.75804,,AGRF,1.5,0.162094692,,,84.74576271,9.157892203
atlantic,STX,south,,South,2017,1075,17.69895,-64.62971,17.69895,-64.62971,,PVMT,9,0.34638225,,,508.4745763,19.56961864
atlantic,STX,south,,South,2017,1076,17.7013,-64.63713,17.7013,-64.63713,,PVMT,31.5,0.39462633,,,1779.661017,22.29527288
atlantic,STX,south,,South,2017,1077,17.70898,-64.62505,17.70898,-64.62505,,PVMT,28.5,0.606143025,,,1610.169492,34.24536864
atlantic,STX,east,,East/Lang Bank,2017,1109,17.81115,-64.49591,17.81115,-64.49591,,AGRF,40,3.051401796,,,2259.887006,172.3955817
atlantic,STX,east,,East/Lang Bank,2017,1110,17.81464,-64.49993,17.81464,-64.49993,,AGRF,46.5,2.531110678,,,2627.118644,143.0006033
atlantic,STX,east,,East/Lang Bank,2017,1111,17.81535,-64.47942,17.81535,-64.47942,,SCR,10.5,1.298001558,,,593.220339,73.33342136
atlantic,STX,east,,East/Lang Bank,2017,1112,17.81903,-64.50109,17.81903,-64.50109,,PVMT,35.5,3.860606924,,,2005.649718,218.1133855
atlantic,STX,east,,East/Lang Bank,2017,1113,17.82053,-64.49941,17.82053,-64.49941,,PVMT,5,0.502239629,,,282.4858757,28.37512028
atlantic,STX,north,,Salt River,2017,1119,17.79189,-64.74884,17.79189,-64.74884,,PVMT,11.5,0.736929315,,,649.7175141,41.63442458
atlantic,STX,south,,South,2017,1132,17.68541,-64.67719,17.68541,-64.67719,,PVMT,2,0.194058357,,,112.9943503,10.96374898
atlantic,STX,south,,South,2017,1133,17.68855,-64.68384,17.68855,-64.68384,,PVMT,2.5,0.84532257,,,141.2429379,47.75833729
atlantic,STX,south,,South,2017,1138,17.69783,-64.62761,17.69783,-64.62761,,AGRF,27,0.797533057,,,1525.423729,45.0583648
atlantic,STX,east,,East/Lang Bank,2017,1143,17.79675,-64.47728,17.79675,-64.47728,,PTRF,16.5,0.555194695,,,932.2033898,31.36693192
atlantic,STX,north,,Salt River,2017,1149,17.7907,-64.75179,17.7907,-64.75179,,PVMT,9.5,0.723142287,,,536.7231638,40.85549644
atlantic,STX,south,,South,2017,1204,17.7066,-64.65866,17.7066,-64.65866,,PVMT,17,0.382989307,,,960.4519774,21.63781395
atlantic,STX,south,,South,2017,1206,17.71147,-64.64917,17.71147,-64.64917,,PVMT,16.5,0.347531178,,,932.2033898,19.63452983
atlantic,STX,south,,South,2017,1207,17.72153,-64.62972,17.72153,-64.62972,,PVMT,5,0.086559851,,,282.4858757,4.890387062
atlantic,STX,south,,South,2017,1208,17.7215,-64.62848,17.7215,-64.62848,,PVMT,7,0.112180906,,,395.480226,6.337904294
atlantic,STX,east,,East/Lang Bank,2017,1215,17.82393,-64.48649,17.82393,-64.48649,,PVMT,35.5,4.234696104,,,2005.649718,239.2483675
atlantic,STX,east,,East/Lang Bank,2017,1216,17.82445,-64.4851,17.82445,-64.4851,,PVMT,36,3.45628292,,,2033.898305,195.2702215
atlantic,STX,north,,Salt River,2017,1222,17.78621,-64.75496,17.78621,-64.75496,,PVMT,2,0.016160628,,,112.9943503,0.913029831
atlantic,STX,north,,Salt River,2017,1223,17.78908,-64.75253,17.78908,-64.75253,,PVMT,3,0.003543741,,,169.4915254,0.200211356
atlantic,STX,north,,Salt River,2017,1277,17.78462,-64.75881,17.78462,-64.75881,,AGRF,21,1.752115632,,,1186.440678,98.98958373
atlantic,STX,north,,Salt River,2017,1278,17.78538,-64.76102,17.78538,-64.76102,,AGRF,19,0.80000558,,,1073.446328,45.19805537
atlantic,STX,west,,Sprat Hole,2017,1291,17.74039,-64.89951,17.74039,-64.89951,,HARD,10.5,0.507579464,,,593.220339,28.67680588
atlantic,STX,north,,Salt River,2017,1293,17.78465,-64.75708,17.78465,-64.75708,,HARD,8.5,0.299368474,,,480.2259887,16.91347311
atlantic,STX,north,,Salt River,2017,1379,17.78206,-64.75699,17.78206,-64.75699,,AGRF,23,1.713351971,,,1299.435028,96.79954638
atlantic,STX,north,,Salt River,2017,1380,17.784,-64.75332,17.784,-64.75332,,AGRF,2.5,0.076166298,,,141.2429379,4.303180678
atlantic,STX,west,,Sprat Hole,2017,1420,17.72054,-64.89236,17.72054,-64.89236,,AGRF,21.5,0.920431874,,,1214.689266,52.00180079
atlantic,STX,west,,Sprat Hole,2017,1421,17.72498,-64.89439,17.72498,-64.89439,,AGRF,22.5,0.647088622,,,1271.186441,36.55867921
atlantic,STX,north,,Salt River,2017,1423,17.78287,-64.75615,17.78287,-64.75615,,PVMT,12.5,0.850142575,,,706.2146893,48.03065395
atlantic,STX,west,,Sprat Hole,2017,1506,17.71644,-64.88994,17.71644,-64.88994,,AGRF,15.5,0.750164825,,,875.7062147,42.3821935
atlantic,STX,west,,Sprat Hole,2017,1507,17.71744,-64.8905,17.71744,-64.8905,,AGRF,11.5,0.743590218,,,649.7175141,42.01074678
atlantic,STX,west,,Sprat Hole,2017,1509,17.73591,-64.89772,17.73591,-64.89772,,AGRF,10.5,0.431342482,,,593.220339,24.36963175
atlantic,STX,west,,Sprat Hole,2017,1510,17.73629,-64.89451,17.73629,-64.89451,,AGRF,11.5,0.654417705,,,649.7175141,36.97275169
atlantic,STX,west,,Sprat Hole,2017,1511,17.744,-64.90017,17.744,-64.90017,,AGRF,28.5,1.183161676,,,1610.169492,66.84529243
atlantic,STX,south,,South,2021,4072,17.68904,-64.67068,17.68904,-64.67068,,PVMT,10.5,0.009172673,,,593.220339,0.518230113
atlantic,STX,south,,South,2021,4077,17.69125,-64.67834,17.69125,-64.67834,,AGRF,12,0.29947006,,,677.9661017,16.91921243
atlantic,STX,south,,South,2021,4078,17.69176,-64.6712,17.69176,-64.6712,,AGRF,24.5,0.494112093,,,1384.180791,27.91593746
atlantic,STX,south,,South,2021,4089,17.69999,-64.6229,17.69999,-64.6229,,AGRF,14.5,0.268209557,,,819.2090395,15.15308232
atlantic,STX,south,,South,2019,4093,17.6871,-64.65536,17.6871,-64.65536,,HARD,3,0.139471891,,,169.4915254,7.879767853
atlantic,STX,south,,South,2019,4097,17.69511,-64.66777,17.69511,-64.66777,,PVMT,1.5,0.111852629,,,84.74576271,6.319357571
atlantic,STX,south,,South,2021,4099,17.70694,-64.63877,17.70694,-64.63877,,PVMT,11.5,0.044742236,,,649.7175141,2.527809944
atlantic,STX,south,,South,2019,4107,17.70504,-64.6574,17.70504,-64.6574,,PVMT,11.5,0.054690729,,,649.7175141,3.089871695
atlantic,STX,south,,South,2019,4119,17.71108,-64.65334,17.71108,-64.65334,,PVMT,2,0.065944185,,,112.9943503,3.725660169
atlantic,STX,west,,Sprat Hole,2021,4132,17.74405,-64.89849,17.74405,-64.89849,,AGRF,71,3.952480391,,,4011.299435,223.3039769
atlantic,STX,west,,Sprat Hole,2019,4142,17.71651,-64.88952,17.71651,-64.88952,,PVMT,11.5,0.817047868,,,649.7175141,46.1608965
atlantic,STX,west,,Sprat Hole,2019,4143,17.71662,-64.88915,17.71662,-64.88915,,SCR,17.5,1.175668741,,,988.700565,66.42196277
atlantic,STX,west,,Sprat Hole,2019,4152,17.72579,-64.89577,17.72579,-64.89577,,AGRF,27.5,1.008585835,,,1553.672316,56.98225056
atlantic,STX,west,,Sprat Hole,2019,4156,17.73168,-64.89635,17.73168,-64.89635,,AGRF,19.5,0.918454474,,,1101.694915,51.89008328
atlantic,STX,west,,Sprat Hole,2019,4164,17.74064,-64.89966,17.74064,-64.89966,,HARD,18,0.94230735,,,1016.949153,53.23770339
atlantic,STX,west,,Sprat Hole,2019,4166,17.74255,-64.89687,17.74255,-64.89687,,AGRF,9,1.114933004,,,508.4745763,62.9905652
atlantic,STX,north,,Salt River,2019,4265,17.78059,-64.75503,17.78059,-64.75503,,AGRF,1,0.1979964,,,56.49717514,11.18623729
atlantic,STX,north,,Salt River,2019,4266,17.78059,-64.75428,17.78059,-64.75428,,AGRF,11,1.023564586,,,621.4689266,57.82850768
atlantic,STX,north,,Salt River,2021,4269,17.78502,-64.7593,17.78502,-64.7593,,AGRF,9.5,0.382120371,,,536.7231638,21.58872153
atlantic,STX,north,,Salt River,2021,4278,17.78626,-64.75544,17.78626,-64.75544,,PVMT,3,0.000980017,,,169.4915254,0.055368192
atlantic,STX,north,,Salt River,2021,4279,17.78684,-64.74844,17.78684,-64.74844,,PVMT,1.5,0.000304915,,,84.74576271,0.017226836
atlantic,STX,north,,Salt River,2021,4289,17.78846,-64.74672,17.78846,-64.74672,,PVMT,26.5,1.003426437,,,1497.175141,56.69075915
atlantic,STX,north,,Salt River,2021,4292,17.78867,-64.75616,17.78867,-64.75616,,AGRF,18,0.744715669,,,1016.949153,42.07433158
atlantic,STX,north,,Salt River,2021,4293,17.78879,-64.74941,17.78879,-64.74941,,PVMT,10.5,0.987089215,,,593.220339,55.76775226
atlantic,STX,north,,Salt River,2021,4303,17.78957,-64.75134,17.78957,-64.75134,,PVMT,12.5,0.528884478,,,706.2146893,29.88047898
atlantic,STX,north,,Salt River,2019,4312,17.78409,-64.75974,17.78409,-64.75974,,PVMT,2.5,0.228995525,,,141.2429379,12.93760028
atlantic,STX,north,,Salt River,2019,4313,17.78419,-64.75796,17.78419,-64.75796,,AGRF,5.5,0.123656854,,,310.7344633,6.986262938
atlantic,STX,north,,Salt River,2019,4316,17.78471,-64.75882,17.78471,-64.75882,,AGRF,8,0.623908482,,,451.9774011,35.24906678
atlantic,STX,north,,Salt River,2019,4317,17.78479,-64.75723,17.78479,-64.75723,,HARD,4,0.106141926,,,225.9887006,5.996718983
atlantic,STX,north,,Salt River,2019,4322,17.78541,-64.76117,17.78541,-64.76117,,AGRF,9,0.518058551,,,508.4745763,29.26884469
atlantic,STX,north,,Salt River,2021,4322,17.79065,-64.75218,17.79065,-64.75218,,PVMT,8,1.416922299,,,451.9774011,80.05210729
atlantic,STX,north,,Salt River,2019,4323,17.78549,-64.75631,17.78549,-64.75631,,AGRF,11,0.658061468,,,621.4689266,37.17861401
atlantic,STX,north,,Salt River,2021,4330,17.79163,-64.74812,17.79163,-64.74812,,PVMT,4.5,0.455562009,,,254.2372881,25.73796661
atlantic,STX,north,,Salt River,2019,4346,17.78876,-64.75593,17.78876,-64.75593,,AGRF,12.5,0.31365159,,,706.2146893,17.72042881
atlantic,STX,north,,Salt River,2019,4355,17.78903,-64.74952,17.78903,-64.74952,,PVMT,4.5,0.426118686,,,254.2372881,24.07450203
atlantic,STX,north,,Salt River,2019,4356,17.78965,-64.74818,17.78965,-64.74818,,PVMT,2,0.003869888,,,112.9943503,0.21863774
atlantic,STX,north,,Salt River,2019,4361,17.79078,-64.75346,17.79078,-64.75346,,PVMT,1,0.001592619,,,56.49717514,0.089978475
atlantic,STX,north,,Salt River,2019,4362,17.79045,-64.75185,17.79045,-64.75185,,PVMT,7.5,0.403750295,,,423.7288136,22.81075113
atlantic,STX,east,,East/Lang Bank,2021,4366,17.79965,-64.47679,17.79965,-64.47679,,PTRF,14,0.739412947,,,790.960452,41.77474277
atlantic,STX,east,,East/Lang Bank,2021,4379,17.80236,-64.48253,17.80236,-64.48253,,AGRF,27.5,1.421759519,,,1553.672316,80.32539655
atlantic,STX,east,,East/Lang Bank,2021,4380,17.80234,-64.45738,17.80234,-64.45738,,AGRF,15.5,1.415218909,,,875.7062147,79.95587056
atlantic,STX,east,,East/Lang Bank,2021,4382,17.80283,-64.49682,17.80283,-64.49682,,AGRF,26,0.968643139,,,1468.926554,54.72560107
atlantic,STX,east,,East/Lang Bank,2019,4385,17.79952,-64.47838,17.79952,-64.47838,,AGRF,66.5,2.243832857,,,3757.062147,126.7702179
atlantic,STX,east,,East/Lang Bank,2019,4389,17.80066,-64.4729,17.80066,-64.4729,,AGRF,9.5,1.373858074,,,536.7231638,77.61910023
atlantic,STX,east,,East/Lang Bank,2021,4389,17.80592,-64.50377,17.80592,-64.50377,,AGRF,13.5,0.949354155,,,762.7118644,53.63582797
atlantic,STX,east,,East/Lang Bank,2019,4393,17.80148,-64.50202,17.80148,-64.50202,,AGRF,34.5,2.056606092,,,1949.152542,116.1924346
atlantic,STX,east,,East/Lang Bank,2021,4393,17.80685,-64.4934,17.80685,-64.4934,,AGRF,22.5,0.961758422,,,1271.186441,54.33663401
atlantic,STX,east,,East/Lang Bank,2019,4402,17.80372,-64.4828,17.80372,-64.4828,,AGRF,14,0.720818681,,,790.960452,40.72421927
atlantic,STX,east,,East/Lang Bank,2019,4408,17.80572,-64.45976,17.80572,-64.45976,,PVMT,26.5,1.540419755,,,1497.175141,87.02936469
atlantic,STX,east,,East/Lang Bank,2021,4408,17.81227,-64.49013,17.81227,-64.49013,,AGRF,18,0.539811441,,,1016.949153,30.49782153
atlantic,STX,east,,East/Lang Bank,2019,4411,17.80581,-64.50138,17.80581,-64.50138,,PTRF,11,1.667771517,,,621.4689266,94.22437949
atlantic,STX,east,,East/Lang Bank,2021,4411,17.81488,-64.45996,17.81488,-64.45996,,AGRF,18,1.14577016,,,1016.949153,64.7327774
atlantic,STX,east,,East/Lang Bank,2019,4412,17.80612,-64.46411,17.80612,-64.46411,,PVMT,13,0.554781596,,,734.4632768,31.34359299
atlantic,STX,east,,East/Lang Bank,2021,4415,17.82076,-64.50078,17.82076,-64.50078,,SCR,12.5,0.055289953,,,706.2146893,3.123726158
atlantic,STX,east,,East/Lang Bank,2019,4420,17.81066,-64.47383,17.81066,-64.47383,,PVMT,22,1.431741411,,,1242.937853,80.88934525
atlantic,STX,east,,East/Lang Bank,2019,4426,17.81339,-64.46237,17.81339,-64.46237,,PVMT,24.5,2.249666635,,,1384.180791,127.0998099
atlantic,STX,east,,East/Lang Bank,2021,4428,17.83331,-64.45361,17.83331,-64.45361,,HARD,26.5,2.105672628,,,1497.175141,118.9645553
atlantic,STX,east,,East/Lang Bank,2021,4429,17.83434,-64.45164,17.83434,-64.45164,,HARD,20,2.237780448,,,1129.943503,126.4282739
atlantic,STX,east,,East/Lang Bank,2019,4430,17.82136,-64.49477,17.82136,-64.49477,,PVMT,0.5,0.1223424,,,28.24858757,6.912
atlantic,STX,east,,East/Lang Bank,2019,4431,17.82511,-64.48109,17.82511,-64.48109,,PVMT,10.5,0.571212635,,,593.220339,32.27190028
atlantic,STX,east,,East/Lang Bank,2019,4432,17.82557,-64.49556,17.82557,-64.49556,,PVMT,23,1.232422307,,,1299.435028,69.62837893
atlantic,STX,east,,East/Lang Bank,2019,4434,17.82839,-64.47005,17.82839,-64.47005,,PVMT,9.5,1.155332185,,,536.7231638,65.2730048
atlantic,STX,north,,Salt River,2019,4440,17.78372,-64.74928,17.78372,-64.74928,,BDRK,0.5,0.001094684,,,28.24858757,0.061846554
atlantic,STX,north,,Salt River,2019,4441,17.78404,-64.74903,17.78404,-64.74903,,BDRK,2,0.1686442,,,112.9943503,9.527920904
