basin,ncrmpRegion,region,subRegion,siteName,PRIMARY_SAMPLE_UNIT,YEAR,LAT_DEGREES,LON_DEGREES,latitudeFishSurvey,longitudeFishSurvey,latitudeBMU,longitudeBMU,perryDensity,density_ind_ha,deltaDensity,perryBiomass,biomass_kg_ha,deltaBiomass,bioerosion_kg_m2_yr1
atlantic,FLK,FLK,upper,inshore,1006,2022,24.9495,-80.55454,24.9495,-80.55454,24.9495,-80.55454,56.81818182,84.74576271,-27.92758089,0.31736037,0.050074689,0.267285681,0
atlantic,FLK,FLK,upper,inshore,1013,2018,24.948485,-80.55135,24.94848519,-80.55135261,24.94848519,-80.55135261,0,14.12429379,-14.12429379,0,0.08386096,-0.08386096,0
atlantic,FLK,FLK,upper,inshore,1014,2018,24.94973,-80.55353,24.94973,-80.55353,24.94973,-80.55353,151.4204545,150.5649718,0.8554827,12.89863647,9.909280847,2.989355623,0.034579043
atlantic,FLK,FLK,upper,inshore,1016,2022,24.95192,-80.53704,24.95192,-80.53704,24.95192,-80.53704,426.1363636,847.4576271,-421.3212635,54.88773041,87.94543418,-33.05770377,0.211844258
atlantic,FLK,FLK,upper,inshore,1057,2018,24.93351,-80.5495,24.93350975,-80.5494998,24.93350975,-80.5494998,809.6590909,1892.655367,-1082.996276,125.4922363,154.8240184,-29.3317821,0.525435546
atlantic,FLK,FLK,upper,inshore,1058,2018,24.902215,-80.616585,24.9022216,-80.61657546,24.9022216,-80.61657546,284.0909091,338.9830508,-54.8921417,5.352728775,5.703463616,-0.350734841,6.81E-04
atlantic,FLK,FLK,upper,inshore,1059,2018,24.90313,-80.6175,24.90323,-80.61779,24.90323,-80.61779,930.3977273,1892.655367,-962.2576397,14.03883487,13.29562113,0.74321374,0.004018933
atlantic,FLK,FLK,upper,inshore,1059,2018,24.90313,-80.6175,24.90303,-80.61721,24.90303,-80.61721,930.3977273,635.5932203,294.804507,14.03883487,0.731141469,13.3076934,0.004018933
atlantic,FLK,FLK,upper,inshore,1077,2022,24.90207,-80.61317,24.90207,-80.61317,24.90207,-80.61317,0,0,0,0,0,0,0
atlantic,FLK,FLK,upper,offshore,1126,2022,24.86615,-80.58682,24.86615,-80.58682,24.86615,-80.58682,85.22727273,84.74576271,0.48151002,6.7044262,11.46737288,-4.76294668,0.002231667
atlantic,FLK,FLK,upper,offshore,1175,2022,24.89777,-80.53732,24.89777,-80.53732,24.89777,-80.53732,312.5,564.9717514,-252.4717514,17.42094563,18.72858073,-1.3076351,0.169740434
atlantic,FLK,FLK,upper,offshore,1236,2022,24.88056,-80.56252,24.88056,-80.56252,24.88056,-80.56252,795.4545455,1186.440678,-390.9861325,113.6646779,135.7188127,-22.0541348,1.681887956
atlantic,FLK,FLK,upper,inshore,1247,2016,24.94292,-80.55428,24.94290273,-80.55424373,24.94290273,-80.55424373,745.7670455,2323.474576,-1577.707531,355.8849706,494.6028963,-138.7179257,0.813059483
atlantic,FLK,FLK,upper,inshore,1253,2016,24.90866,-80.610115,24.9086602,-80.6101151,24.9086602,-80.6101151,14.20454545,14.12429379,0.08025166,0.07686889,0.001864407,0.075004483,0
atlantic,FLK,FLK,upper,inshore,1255,2016,24.933875,-80.550185,24.93386965,-80.55018607,24.93386965,-80.55018607,1452.926136,3351.497175,-1898.571039,226.8391519,271.8486311,-45.0094792,3.288158845
atlantic,FLK,FLK,upper,inshore,1256,2016,24.93744,-80.54766,24.93743881,-80.54765988,24.93743881,-80.54765988,1072.443182,2535.310734,-1462.867552,216.2707002,229.5168456,-13.2461454,3.085473938
atlantic,FLK,FLK,upper,inshore,1257,2016,24.904005,-80.6169,24.90400535,-80.61690048,24.90400535,-80.61690048,795.4545455,2090.39548,-1294.940935,212.9602938,244.7834436,-31.8231498,0.674362364
atlantic,FLK,FLK,upper,inshore,1258,2016,24.90364,-80.61614,24.90363931,-80.61613896,24.90363931,-80.61613896,1008.551136,1963.305085,-954.753949,900.525236,1021.278723,-120.753487,1.090020209
atlantic,FLK,FLK,upper,offshore,1262,2016,24.868015,-80.585085,24.86801634,-80.58508289,24.86801634,-80.58508289,880.6818182,960.4519774,-79.7701592,8.223678279,2.47796,5.745718279,0.001697231
atlantic,FLK,FLK,upper,offshore,1287,2018,24.88579,-80.552225,24.88579073,-80.55222373,24.88579073,-80.55222373,639.2045455,776.8361582,-137.6316127,132.8666771,133.390611,-0.5239339,0.580471367
atlantic,FLK,FLK,upper,offshore,1291,2022,24.89767,-80.53666,24.89767,-80.53666,24.89767,-80.53666,284.0909091,451.9774011,-167.886492,52.11568434,54.18089249,-2.06520815,0.105539904
atlantic,FLK,FLK,upper,offshore,1292,2022,24.88498,-80.55269,24.88498,-80.55269,24.88498,-80.55269,767.0454545,1836.158192,-1069.112738,30.84395398,50.28194514,-19.43799116,0.265995272
atlantic,FLK,FLK,upper,offshore,1293,2022,24.87526,-80.56912,24.87526,-80.56912,24.87526,-80.56912,1562.5,1892.655367,-330.155367,229.1581952,318.8944536,-89.7362584,0.1676989
atlantic,FLK,FLK,upper,offshore,1312,2016,24.90711,-80.53038,24.90710734,-80.53040928,24.90710734,-80.53040928,912.3011364,1246.129944,-333.8288076,145.9369724,166.2671831,-20.3302107,0.747977076
atlantic,FLK,FLK,upper,offshore,1345,2016,24.91025,-80.523595,24.91022677,-80.5236203,24.91022677,-80.5236203,525.5681818,1045.19774,-519.6295582,61.48113136,93.15138853,-31.67025717,0.015411698
atlantic,FLK,FLK,upper,offshore,1346,2022,24.87135,-80.57406,24.87135,-80.57406,24.87135,-80.57406,1107.954545,1779.661017,-671.706472,63.93853291,79.05543373,-15.11690082,0.447423011
atlantic,FLK,FLK,upper,offshore,1347,2018,24.884365,-80.55631,24.88436527,-80.55630933,24.88436527,-80.55630933,1136.363636,2019.774011,-883.410375,102.8776581,132.3069601,-29.429302,0.43693052
atlantic,FLK,FLK,upper,offshore,1348,2018,24.885885,-80.562025,24.88588467,-80.56202527,24.88588467,-80.56202527,369.3181818,649.7175141,-280.3993323,32.31610665,37.62949164,-5.31338499,0.004773241
atlantic,FLK,FLK,upper,inshore,1371,2022,24.93279,-80.54947,24.93279,-80.54947,24.93279,-80.54947,482.9545455,1214.689266,-731.7347205,50.98959141,58.29992808,-7.31033667,0.845939927
atlantic,FLK,FLK,upper,inshore,1372,2022,24.93671,-80.54596,24.93671,-80.54596,24.93671,-80.54596,227.2727273,310.7344633,-83.461736,8.053768972,4.858095876,3.195673096,0
atlantic,FLK,FLK,upper,inshore,1375,2022,24.93747,-80.54764,24.93747,-80.54764,24.93747,-80.54764,312.5,1101.694915,-789.194915,22.55545047,30.54878085,-7.99333038,0.181345802
atlantic,FLK,FLK,upper,inshore,1376,2022,24.93409,-80.54923,24.93409,-80.54923,24.93409,-80.54923,198.8636364,677.9661017,-479.1024653,19.25368589,34.06663921,-14.81295332,0.05198322
atlantic,FLK,FLK,upper,inshore,1379,2022,24.90404,-80.61603,24.90404,-80.61603,24.90404,-80.61603,880.6818182,2005.649718,-1124.9679,59.45219726,58.13125113,1.32094613,0.287325562
atlantic,FLK,FLK,upper,inshore,1380,2022,24.90369,-80.61624,24.90369,-80.61624,24.90369,-80.61624,1051.136364,1666.666667,-615.530303,149.8055105,193.029941,-43.2244305,0.464269395
atlantic,FLK,FLK,upper,offshore,1387,2018,24.897415,-80.537895,24.89741372,-80.53789817,24.89741372,-80.53789817,838.0681818,1045.19774,-207.1295582,164.6118176,154.9576896,9.654128,0.755987425
atlantic,FLK,FLK,upper,offshore,1389,2018,24.893425,-80.540905,24.89342506,-80.54090462,24.89342506,-80.54090462,568.1818182,1878.531073,-1310.349255,41.18634801,49.7732913,-8.58694329,0.127688254
atlantic,FLK,FLK,upper,inshore,1497,2022,24.94912,-80.538,24.94912,-80.538,24.94912,-80.538,0,56.49717514,-56.49717514,0,0.013451073,-0.013451073,0
atlantic,FLK,FLK,upper,inshore,1514,2018,24.94523,-80.55161,24.94523,-80.55161,24.94523,-80.55161,75.73863636,75.31073446,0.4279019,0.436217826,0.021740395,0.414477431,0
atlantic,FLK,FLK,upper,inshore,1520,2022,24.90091,-80.61759,24.90091,-80.61759,24.90091,-80.61759,1278.409091,1384.180791,-105.7717,816.2895267,1007.393053,-191.1035263,2.001102988
atlantic,FLK,FLK,upper,inshore,1521,2022,24.90029,-80.61704,24.90029,-80.61704,24.90029,-80.61704,710.2272727,1638.418079,-928.1908063,22.2394124,24.40683045,-2.16741805,0.264945839
atlantic,FLK,FLK,upper,inshore,1556,2022,24.90235,-80.6206,24.90235,-80.6206,24.90235,-80.6206,0,0,0,0,0,0,0
atlantic,FLK,FLK,upper,inshore,1557,2018,24.938205,-80.54977,24.93833,-80.54983,24.93833,-80.54983,198.8636364,169.4915254,29.372111,21.61179234,0.640833107,20.97095923,0.051122017
atlantic,FLK,FLK,upper,inshore,1557,2018,24.938205,-80.54977,24.93808,-80.54971,24.93808,-80.54971,198.8636364,395.480226,-196.6165896,21.61179234,49.48384119,-27.87204885,0.051122017
atlantic,FLK,FLK,upper,offshore,1682,2022,24.90454,-80.53295,24.90454,-80.53295,24.90454,-80.53295,852.2727273,847.4576271,4.8151002,181.3365019,204.0865004,-22.7499985,0.4419255
atlantic,FLK,FLK,upper,inshore,9013,2022,24.90357,-80.61605,24.90357,-80.61605,24.90357,-80.61605,482.9545455,1892.655367,-1409.700822,48.26178893,70.57445418,-22.31266525,0.848642785
atlantic,FLK,FLK,upper,inshore,9018,2022,24.89723,-80.62202,24.89723,-80.62202,24.89723,-80.62202,340.9090909,4632.768362,-4291.859271,16.25920521,79.76424475,-63.50503954,0.00532181
atlantic,FLK,FLK,upper,inshore,9020,2022,24.89815,-80.61774,24.89815,-80.61774,24.89815,-80.61774,596.5909091,1440.677966,-844.0870569,14.22728822,10.50856429,3.71872393,0.209385866
atlantic,FLK,FLK,upper,inshore,9112,2022,24.90447,-80.61357,24.90447,-80.61357,24.90447,-80.61357,1676.136364,3107.344633,-1431.208269,112.6607208,113.0595662,-0.3988454,0.100508842
atlantic,FLK,FLK,upper,inshore,9119,2022,24.90403,-80.61852,24.90403,-80.61852,24.90403,-80.61852,909.0909091,5593.220339,-4684.12943,189.8450151,422.599101,-232.7540859,0.287877934
atlantic,FLK,FLK,upper,inshore,9122,2022,24.90358,-80.61902,24.90358,-80.61902,24.90358,-80.61902,56.81818182,903.9548023,-847.1366205,73.01585107,127.479166,-54.46331493,0.200180363
atlantic,FLK,FLK,upper,inshore,9210,2022,24.90355,-80.60961,24.90355,-80.60961,24.90355,-80.60961,340.9090909,2937.853107,-2596.944016,36.40692767,84.47996537,-48.0730377,0.099160592
atlantic,FLK,FLK,upper,inshore,9211,2022,24.90423,-80.60965,24.90423,-80.60965,24.90423,-80.60965,227.2727273,1638.418079,-1411.145352,45.06197651,140.8496488,-95.78767229,0.40260893
atlantic,FLK,FLK,upper,inshore,9215,2022,24.89819,-80.61919,24.89819,-80.61919,24.89819,-80.61919,454.5454545,3700.564972,-3246.019518,28.71315515,40.84886808,-12.13571293,0.376310424
atlantic,FLK,FLK,lower,inshore,1002,2018,24.567905,-81.65905,24.5679043,-81.65905089,24.5679043,-81.65905089,170.4545455,268.3615819,-97.9070364,1.501603869,0.741736271,0.759867598,9.64E-05
atlantic,FLK,FLK,lower,inshore,1008,2018,24.552605,-81.68616,24.55260118,-81.68615984,24.55260118,-81.68615984,369.3181818,1045.19774,-675.8795582,109.5895794,140.2021465,-30.6125671,0.289041018
atlantic,FLK,FLK,lower,inshore,1009,2018,24.550585,-81.698375,24.55058022,-81.69836871,24.55058022,-81.69836871,298.2954545,776.8361582,-478.5407037,4.441488444,3.929047345,0.512441099,8.02E-04
atlantic,FLK,FLK,lower,inshore,1034,2018,24.577575,-81.439665,24.57757575,-81.43966258,24.57757575,-81.43966258,142.0454545,480.2259887,-338.1805342,15.74977349,20.81010915,-5.06033566,0.192038381
atlantic,FLK,FLK,lower,inshore,1036,2018,24.562095,-81.556505,24.56209522,-81.55650754,24.56209522,-81.55650754,511.3636364,819.2090395,-307.8454031,82.8645892,91.03969638,-8.17510718,0.315088786
atlantic,FLK,FLK,lower,inshore,1037,2022,24.57847,-81.43934,24.57847,-81.43934,24.57847,-81.43934,965.9090909,2203.389831,-1237.48074,30.62127849,41.40689695,-10.78561846,0.099644852
atlantic,FLK,FLK,lower,inshore,1055,2022,24.55509,-81.56663,24.55509,-81.56663,24.55509,-81.56663,113.6363636,593.220339,-479.5839754,1.965398577,1.665026836,0.300371741,0.023864744
atlantic,FLK,FLK,lower,inshore,1063,2022,24.5775,-81.4438,24.5775,-81.4438,24.5775,-81.4438,539.7727273,1271.186441,-731.4137137,10.90378151,14.17125576,-3.26747425,0.096752105
atlantic,FLK,FLK,lower,offshore,1084,2022,24.55588,-81.43408,24.55588,-81.43408,24.55588,-81.43408,28.40909091,28.24858757,0.16050334,0.15373778,0.030355706,0.123382074,0
atlantic,FLK,FLK,lower,offshore,1087,2022,24.52081,-81.59098,24.52081,-81.59098,24.52081,-81.59098,255.6818182,564.9717514,-309.2899332,3.900397965,4.825201582,-0.924803617,0.00113496
atlantic,FLK,FLK,lower,offshore,1089,2022,24.50689,-81.59154,24.50689,-81.59154,24.50689,-81.59154,340.9090909,508.4745763,-167.5654854,73.16644551,65.21667,7.94977551,0.166107065
atlantic,FLK,FLK,lower,offshore,1095,2022,24.54847,-81.4527,24.54847,-81.4527,24.54847,-81.4527,85.22727273,84.74576271,0.48151002,0.471098151,0.049540621,0.42155753,0
atlantic,FLK,FLK,lower,offshore,1097,2022,24.52027,-81.59045,24.52027,-81.59045,24.52027,-81.59045,397.7272727,593.220339,-195.4930663,43.2706122,43.30840294,-0.03779074,0.485014798
atlantic,FLK,FLK,lower,offshore,1166,2022,24.51023,-81.5676,24.51023,-81.5676,24.51023,-81.5676,113.6363636,169.4915254,-55.8551618,0.644605551,0.514107853,0.130497698,0
atlantic,FLK,FLK,lower,offshore,1168,2022,24.51019,-81.56821,24.51019,-81.56821,24.51019,-81.56821,312.5,649.7175141,-337.2175141,26.87282939,23.58061977,3.29220962,0.360252097
atlantic,FLK,FLK,lower,offshore,1170,2022,24.55312,-81.43715,24.55312,-81.43715,24.55312,-81.43715,1136.363636,1807.909605,-671.545969,192.1131688,270.438102,-78.3249332,0.04537146
atlantic,FLK,FLK,lower,offshore,1174,2018,24.54304,-81.44363,24.54304129,-81.44363313,24.54304129,-81.44363313,85.22727273,84.74576271,0.48151002,3.905136985,2.037032938,1.868104047,7.21E-04
atlantic,FLK,FLK,lower,offshore,1176,2018,24.551605,-81.43135,24.55160517,-81.43135404,24.55160517,-81.43135404,142.0454545,748.5875706,-606.5421161,0.803285736,1.428468475,-0.625182739,0
atlantic,FLK,FLK,lower,offshore,1231,2018,24.538205,-81.453585,24.53820555,-81.45357891,24.53820555,-81.45357891,284.0909091,579.0960452,-295.0051361,17.53374849,25.17422825,-7.64047976,0.003988996
atlantic,FLK,FLK,lower,offshore,1231,2022,24.53316,-81.4674,24.53316,-81.4674,24.53316,-81.4674,426.1363636,734.4632768,-308.3269132,6.181591989,5.219268927,0.962323062,0.001939692
atlantic,FLK,FLK,lower,offshore,1261,2018,24.50559,-81.587,24.50559126,-81.58700013,24.50559126,-81.58700013,198.8636364,847.4576271,-648.5939907,31.74861427,30.36887023,1.37974404,0.294470536
atlantic,FLK,FLK,lower,offshore,1311,2018,24.52964,-81.47153,24.52963985,-81.47153006,24.52963985,-81.47153006,71.02272727,268.3615819,-197.3388546,1.667948871,4.220309153,-2.552360282,6.47E-04
atlantic,FLK,FLK,lower,inshore,1369,2022,24.55046,-81.70069,24.55046,-81.70069,24.55046,-81.70069,596.5909091,1864.40678,-1267.815871,154.6269181,259.3290928,-104.7021747,0.421595447
atlantic,FLK,FLK,lower,inshore,1370,2016,24.558875,-81.50894,24.55887556,-81.50894045,24.55887556,-81.50894045,696.0227273,1129.943503,-433.9207757,53.13669419,51.31089706,1.82579713,0.021242606
atlantic,FLK,FLK,lower,inshore,1371,2016,24.57063,-81.45806,24.57063196,-81.45806196,24.57063196,-81.45806196,568.1818182,2274.011299,-1705.829481,5.008848747,7.190726271,-2.181877524,0.012498116
atlantic,FLK,FLK,lower,inshore,1373,2016,24.584765,-81.44386,24.58476519,-81.44386008,24.58476519,-81.44386008,568.1818182,1949.152542,-1380.970724,69.98334328,83.42586249,-13.44251921,0.164528146
atlantic,FLK,FLK,lower,offshore,1393,2016,24.5247,-81.576175,24.52469745,-81.57616767,24.52469745,-81.57616767,838.0681818,1045.19774,-207.1295582,113.54769,121.9737899,-8.4260999,0.193710364
atlantic,FLK,FLK,lower,offshore,1406,2016,24.509615,-81.57145,24.50961574,-81.57145042,24.50961574,-81.57145042,1110.795455,1697.740113,-586.944658,651.2851092,901.0654025,-249.7802933,2.247397084
atlantic,FLK,FLK,lower,offshore,1431,2016,24.539935,-81.47143,24.53993406,-81.47143099,24.53993406,-81.47143099,198.8636364,197.740113,1.1235234,1.135473322,0.077637401,1.057835921,0
atlantic,FLK,FLK,lower,offshore,1439,2016,24.514825,-81.564175,24.51482436,-81.56417336,24.51482436,-81.56417336,113.6363636,169.4915254,-55.8551618,1.838114427,3.773517288,-1.935402861,4.20E-04
atlantic,FLK,FLK,lower,offshore,1441,2016,24.54113,-81.443605,24.54112909,-81.44360579,24.54112909,-81.44360579,561.0511364,910.9887006,-349.9375642,19.90491877,21.09924927,-1.1943305,0.188691512
atlantic,FLK,FLK,lower,offshore,1479,2016,24.533605,-81.457195,24.53360212,-81.45719371,24.53360212,-81.45719371,929.2045455,2039.774011,-1110.569466,82.60548412,85.91534508,-3.30986096,0.561768616
atlantic,FLK,FLK,lower,inshore,1531,2018,24.559215,-81.50611,24.55920827,-81.50610575,24.55920827,-81.50610575,724.4318182,1864.40678,-1139.974962,68.59992499,98.93292915,-30.33300416,0.433973345
atlantic,FLK,FLK,lower,inshore,1532,2018,24.550765,-81.586935,24.55076627,-81.58693736,24.55076627,-81.58693736,553.9772727,706.2146893,-152.2374166,23.15238841,26.69604689,-3.54365848,0.003865488
atlantic,FLK,FLK,lower,inshore,1534,2018,24.56133,-81.502205,24.56132516,-81.50220968,24.56132516,-81.50220968,582.3863636,974.5762712,-392.1899076,54.53245763,61.17857819,-6.64612056,0.099093132
atlantic,FLK,FLK,lower,offshore,1671,2018,24.54406,-81.44121,24.54406173,-81.44120859,24.54406173,-81.44120859,184.6590909,423.7288136,-239.0697227,1.024007596,1.030319322,-0.006311726,0
atlantic,FLK,FLK,lower,offshore,1674,2018,24.55326,-81.44021,24.55325294,-81.44021988,24.55325294,-81.44021988,326.7045455,1144.067797,-817.3632515,74.23058134,148.7186634,-74.48808206,0.209181313
atlantic,FLK,FLK,lower,inshore,1849,2022,24.55269,-81.70299,24.55269,-81.70299,24.55269,-81.70299,284.0909091,310.7344633,-26.6435542,1.576917042,0.169617232,1.40729981,0
atlantic,FLK,FLK,middle,inshore,1004,2022,24.69326,-81.03875,24.69326,-81.03875,24.69326,-81.03875,795.4545455,1129.943503,-334.4889575,45.18223144,40.77930249,4.40292895,0.005326224
atlantic,FLK,FLK,middle,inshore,1005,2022,24.69657,-81.05188,24.69657,-81.05188,24.69657,-81.05188,482.9545455,875.7062147,-392.7516692,6.497063757,2.943603616,3.553460141,0.001939692
atlantic,FLK,FLK,middle,inshore,1011,2018,24.695585,-81.05188,24.69558449,-81.05188063,24.69558449,-81.05188063,1264.204545,2203.389831,-939.185286,212.1071316,242.7614018,-30.6542702,0.42331613
atlantic,FLK,FLK,middle,inshore,1039,2022,24.66643,-81.07462,24.66643,-81.07462,24.66643,-81.07462,454.5454545,621.4689266,-166.9234721,4.840441729,6.096200226,-1.255758497,3.86E-04
atlantic,FLK,FLK,middle,inshore,1049,2018,24.66763,-81.07011,24.66762896,-81.07011,24.66762896,-81.07011,1036.931818,1271.186441,-234.254623,102.6185668,113.3982541,-10.7796873,0.188357092
atlantic,FLK,FLK,middle,inshore,1053,2018,24.69008,-81.033855,24.69007737,-81.03385969,24.69007737,-81.03385969,1164.772727,1694.915254,-530.142527,130.430499,142.4828441,-12.0523451,0.374895579
atlantic,FLK,FLK,middle,inshore,1245,2016,24.69645,-81.0525,24.69644325,-81.0525045,24.69644325,-81.0525045,802.5568182,1341.80791,-539.2510918,8.278222414,6.213406836,2.064815578,0.001740354
atlantic,FLK,FLK,middle,inshore,1250,2016,24.65112,-81.14213,24.65112471,-81.14212341,24.65112471,-81.14212341,781.25,1172.316384,-391.066384,4.129337857,2.375368814,1.753969043,0
atlantic,FLK,FLK,middle,inshore,1251,2016,24.665905,-81.070675,24.6659054,-81.07067434,24.6659054,-81.07067434,539.8011364,918.1073446,-378.3062082,42.85091029,39.91458695,2.93632334,0.368539714
atlantic,FLK,FLK,middle,offshore,1285,2016,24.62694,-81.109135,24.62694073,-81.10913474,24.62694073,-81.10913474,1001.448864,1334.774011,-333.325147,137.7679293,149.2621768,-11.4942475,1.060117796
atlantic,FLK,FLK,middle,offshore,1285,2018,24.62593,-81.111445,24.62592795,-81.11145353,24.62592795,-81.11145353,1264.204545,1567.79661,-303.592065,986.8757296,1013.961656,-27.0859264,2.058678399
atlantic,FLK,FLK,middle,offshore,1286,2016,24.626165,-81.108065,24.6261719,-81.10806356,24.6261719,-81.10806356,816.7613636,1264.124294,-447.3629304,123.5410211,168.8797574,-45.3387363,0.695315646
atlantic,FLK,FLK,middle,offshore,1286,2018,24.62667,-81.1102,24.62666862,-81.11020829,24.62666862,-81.11020829,667.6136364,1129.943503,-462.3298666,225.9945864,261.6531962,-35.6586098,0.952346023
atlantic,FLK,FLK,middle,offshore,1327,2018,24.624405,-81.115445,24.62440408,-81.11544076,24.62440408,-81.11544076,497.1590909,805.0847458,-307.9256549,95.93876636,149.8294179,-53.89065154,0.27995289
atlantic,FLK,FLK,middle,offshore,1335,2016,24.62347,-81.108815,24.62346394,-81.10883832,24.62346394,-81.10883832,1742.357955,2989.576271,-1247.218316,39.70355766,58.01092667,-18.30736901,0.163654398
atlantic,FLK,FLK,middle,offshore,1336,2016,24.625325,-81.105345,24.6253241,-81.10534289,24.6253241,-81.10534289,1150.568182,2500,-1349.431818,61.58108872,71.76944322,-10.1883545,0.018655682
atlantic,FLK,FLK,middle,offshore,1339,2016,24.625325,-81.101735,24.62532504,-81.10173443,24.62532504,-81.10173443,912.6704545,1373.615819,-460.9453645,37.31958129,30.84386418,6.47571711,0.052891904
atlantic,FLK,FLK,middle,offshore,1344,2018,24.624515,-81.113855,24.62451473,-81.11385521,24.62451473,-81.11385521,142.0454545,155.3672316,-13.3217771,13.83817906,22.02699808,-8.18881902,0.00187288
atlantic,FLK,FLK,middle,offshore,1345,2018,24.6225,-81.11342,24.62249909,-81.11342,24.62249909,-81.11342,1150.568182,1680.79096,-530.222778,445.4862482,503.2129339,-57.7266857,0.813922873
atlantic,FLK,FLK,middle,offshore,1405,2022,24.62538,-81.11225,24.62538,-81.11225,24.62538,-81.11225,1107.954545,1949.152542,-841.197997,199.0374653,222.6178531,-23.5803878,0.525982524
atlantic,FLK,FLK,middle,offshore,1435,2022,24.62442,-81.11379,24.62442,-81.11379,24.62442,-81.11379,795.4545455,875.7062147,-80.2516692,82.51000201,73.7720765,8.73792551,0.015727326
atlantic,FLK,FLK,middle,offshore,1436,2022,24.62554,-81.11239,24.62554,-81.11239,24.62554,-81.11239,1193.181818,1751.412429,-558.230611,68.14064593,91.29028446,-23.14963853,0.429757757
atlantic,FLK,FLK,middle,offshore,1477,2022,24.62201,-81.11191,24.62201,-81.11191,24.62201,-81.11191,539.7727273,677.9661017,-138.1933744,27.7624563,26.51854299,1.24391331,0.010181819
atlantic,FLK,FLK,middle,offshore,1478,2022,24.62547,-81.10481,24.62547,-81.10481,24.62547,-81.10481,511.3636364,1158.19209,-646.8284536,9.20589817,12.83413825,-3.62824008,0.003232821
atlantic,FLK,FLK,middle,inshore,1552,2018,24.67373,-81.063035,24.6737305,-81.06303122,24.6737305,-81.06303122,284.0909091,692.0903955,-407.9994864,31.07331029,43.0988374,-12.02552711,0.007954852
atlantic,FLK,FLK,middle,offshore,1657,2016,24.632365,-81.090905,24.63236558,-81.09090326,24.63236558,-81.09090326,1200.340909,1518.418079,-318.07717,286.494598,312.4361265,-25.9415285,2.934089112
atlantic,FLK,FLK,middle,offshore,1680,2022,24.63308,-81.08176,24.63308,-81.08176,24.63308,-81.08176,1306.818182,1610.169492,-303.35131,567.5231588,674.7440118,-107.220853,0.688850578
atlantic,FLK,FLK,middle,offshore,9036,2022,24.62724,-81.11044,24.62724,-81.11044,24.62724,-81.11044,312.5,593.220339,-280.720339,18.67357204,27.73735853,-9.06378649,0.006298602
atlantic,FLK,FLK,middle,offshore,9069,2022,24.6249,-81.11135,24.6249,-81.11135,24.6249,-81.11135,170.4545455,169.4915254,0.9630201,11.75760091,8.086148701,3.671452209,0.001487059
atlantic,FLK,FLK,middle,offshore,9070,2022,24.62589,-81.1104,24.62589,-81.1104,24.62589,-81.1104,426.1363636,762.7118644,-336.5755008,191.0514269,316.2202088,-125.1687819,1.117546678
atlantic,FLK,FLK,middle,offshore,9151,2022,24.62678,-81.11092,24.62678,-81.11092,24.62678,-81.11092,397.7272727,621.4689266,-223.7416539,194.352805,179.248876,15.103929,1.004645557
atlantic,FLK,FLK,middle,offshore,9194,2022,24.62538,-81.11042,24.62538,-81.11042,24.62538,-81.11042,767.0454545,875.7062147,-108.6607602,657.2312865,722.5284967,-65.2972102,0.007510428
atlantic,DRTO,DRTO,west,Bird Key Reef,2073,2016,24.606845,-82.87195,24.60684558,-82.87195053,24.60684558,-82.87195053,85.22727273,522.5988701,-437.3715974,6.362893661,10.34187712,-3.978983459,0.001293128
atlantic,DRTO,DRTO,west,Bird Key Reef,2141,2016,24.600415,-82.873375,24.60041312,-82.87337354,24.60041312,-82.87337354,312.5,988.700565,-676.200565,24.61199875,33.26039904,-8.64840029,0.075124017
atlantic,DRTO,DRTO,west,Bird Key Reef,2142,2016,24.600005,-82.872275,24.600005,-82.872275,24.600005,-82.872275,830.9659091,2055.084746,-1224.118837,238.1844117,253.9404312,-15.7560195,0.764638303
atlantic,DRTO,DRTO,west,Bird Key Reef,2143,2016,24.61121,-82.87047,24.61121046,-82.87047,24.61121046,-82.87047,191.7613636,1278.248588,-1086.487224,18.80561037,33.90457,-15.09895963,0.275121631
atlantic,DRTO,DRTO,west,Bird Key Reef,2146,2016,24.59172,-82.881015,24.59171835,-82.88101318,24.59171835,-82.88101318,490.0568182,1716.101695,-1226.044877,72.20757016,101.8492478,-29.64167764,1.010767932
atlantic,DRTO,DRTO,west,Bird Key Reef,2147,2016,24.591505,-82.87434,24.59150648,-82.87433973,24.59150648,-82.87433973,312.5,1497.175141,-1184.675141,23.30550592,40.2925352,-16.98702928,0.325374768
atlantic,DRTO,DRTO,west,Bird Key Reef,2166,2016,24.589325,-82.884595,24.58932494,-82.88459494,24.58932494,-82.88459494,376.4204545,1137.00565,-760.5851955,14.60482504,16.45231695,-1.84749191,0.079288923
atlantic,DRTO,DRTO,west,Bird Key Reef,2166,2018,24.593225,-82.889665,24.59322542,-82.88966559,24.59322542,-82.88966559,56.81818182,127.1186441,-70.30046228,0.312417965,0.521127571,-0.208709606,0
atlantic,DRTO,DRTO,west,Bird Key Reef,2189,2018,24.582615,-82.89143,24.58261524,-82.89143049,24.58261524,-82.89143049,426.1363636,1341.80791,-915.6715464,35.65578578,47.37440435,-11.71861857,0.460412573
atlantic,DRTO,DRTO,west,Bird Key Reef,2229,2021,24.61165,-82.87114,24.61165,-82.87114,24.61165,-82.87114,738.6363636,1242.937853,-504.3014894,128.5007895,117.3988637,11.1019258,0.555098664
atlantic,DRTO,DRTO,west,Bird Key Reef,2258,2016,24.586495,-82.887555,24.58649908,-82.88755135,24.58649908,-82.88755135,553.9772727,2485.875706,-1931.898433,36.55357162,51.57259316,-15.01902154,0.300253312
atlantic,DRTO,DRTO,west,Bird Key Reef,2337,2018,24.59532,-82.885995,24.59531958,-82.88599518,24.59531958,-82.88599518,610.7954545,1087.570621,-476.7751665,40.30137878,50.01061672,-9.70923794,0.296308769
atlantic,DRTO,DRTO,west,Bird Key Reef,2341,2018,24.59544,-82.883945,24.59544,-82.883944,24.59544,-82.883944,568.1818182,1101.694915,-533.5130968,27.11083473,31.78090706,-4.67007233,0.169007581
atlantic,DRTO,DRTO,west,Bird Key Reef,2373,2021,24.58943,-82.88391,24.58943,-82.88391,24.58943,-82.88391,142.0454545,564.9717514,-422.9262969,24.06305582,25.38988362,-1.3268278,0.024315911
atlantic,DRTO,DRTO,west,Bird Key Reef,2551,2016,24.582925,-82.888405,24.58292487,-82.88840484,24.58292487,-82.88840484,482.9545455,1750.649718,-1267.695173,13.42656003,18.26574559,-4.83918556,0.082543627
atlantic,DRTO,DRTO,west,Bird Key Reef,2576,2016,24.598585,-82.87165,24.59858582,-82.87165051,24.59858582,-82.87165051,326.7045455,1016.949153,-690.2446075,15.16827549,20.12289249,-4.954617,0.10366611
atlantic,DRTO,DRTO,west,Bird Key Reef,2577,2016,24.59762,-82.870835,24.59761899,-82.87083412,24.59761899,-82.87083412,696.0227273,1878.531073,-1182.508346,95.53322683,117.9396376,-22.40641077,0.4316441
atlantic,DRTO,DRTO,west,Bird Key Reef,2580,2016,24.602735,-82.87376,24.60273717,-82.87375567,24.60273717,-82.87375567,411.9318182,1497.175141,-1085.243323,39.67212568,55.34907859,-15.67695291,0.107721804
atlantic,DRTO,DRTO,west,Bird Key Reef,2581,2016,24.61013,-82.87098,24.61012901,-82.87097967,24.61012901,-82.87097967,639.2045455,1737.288136,-1098.083591,26.11417995,49.00648684,-22.89230689,0.178422304
atlantic,DRTO,DRTO,west,Bird Key Reef,2770,2018,24.583015,-82.88912,24.58301576,-82.88912,24.58301576,-82.88912,838.0681818,1313.559322,-475.4911402,50.29888685,52.98895367,-2.69006682,0.543185583
atlantic,DRTO,DRTO,west,Bird Key Reef,2856,2018,24.60655,-82.873205,24.60654829,-82.87320449,24.60654829,-82.87320449,568.1818182,1412.429379,-844.2475608,24.09519732,26.37187853,-2.27668121,0.181972576
atlantic,DRTO,DRTO,west,Bird Key Reef,2857,2018,24.60508,-82.8739,24.60507991,-82.87389995,24.60507991,-82.87389995,724.4318182,1426.553672,-702.1218538,300.0858114,306.4320584,-6.346247,0.871690974
atlantic,FGB,FGB,east,East Buoy 3,7190,2018,27.9091,-93.60069,27.9091,-93.60069,27.9091,-93.60069,284.0909091,282.4858757,1.6050334,43.91425296,39.64425938,4.26999358,0.327584995
atlantic,FGB,FGB,east,East Buoy 3,7208,2018,27.9092,-93.60012,27.9092,-93.60012,27.9092,-93.60012,454.5454545,451.9774011,2.5680534,132.6770754,157.7571329,-25.0800575,1.396410302
atlantic,FGB,FGB,east,East Buoy 3,7246,2018,27.90907,-93.59922,27.90907,-93.59922,27.90907,-93.59922,397.7272727,395.480226,2.2470467,127.7637031,117.5623586,10.2013445,1.293891491
atlantic,FGB,FGB,east,East Buoy 3,7302,2018,27.90515,-93.59765,27.90515,-93.59765,27.90515,-93.59765,511.3636364,508.4745763,2.8890601,71.90315406,74.32326316,-2.4201091,0.709799863
atlantic,FGB,FGB,east,East Buoy 3,7304,2018,27.9058,-93.59762,27.9058,-93.59762,27.9058,-93.59762,227.2727273,225.9887006,1.2840267,94.96287287,159.5959423,-64.63306943,0.710228795
atlantic,FGB,FGB,east,East Buoy 3,7339,2018,27.90671,-93.59649,27.90671,-93.59649,27.90671,-93.59649,198.8636364,197.740113,1.1235234,11.96319913,11.93996887,0.02323026,0.184177671
atlantic,FGB,FGB,east,East Buoy 3,7400,2018,27.9096,-93.5973,27.9096,-93.5973,27.9096,-93.5973,312.5,310.7344633,1.7655367,38.39872232,43.63846729,-5.23974497,0.436985244
atlantic,FGB,FGB,east,East Buoy 3,7401,2018,27.9094,-93.5973,27.9094,-93.5973,27.9094,-93.5973,710.2272727,706.2146893,4.0125834,64.00197669,73.21628085,-9.21430416,0.494649446
atlantic,FGB,FGB,east,East Buoy 3,7402,2018,27.9094,-93.5975,27.9094,-93.5975,27.9094,-93.5975,965.9090909,960.4519774,5.4571135,272.6531951,233.8485252,38.8046699,2.186372567
atlantic,FGB,FGB,east,East Buoy 3,7403,2018,27.9096,-93.5975,27.9096,-93.5975,27.9096,-93.5975,369.3181818,367.2316384,2.0865434,107.7574397,118.6835494,-10.9261097,0.88742277
atlantic,FGB,FGB,east,East Buoy 3,7404,2018,27.9075,-93.5991,27.9075,-93.5991,27.9075,-93.5991,482.9545455,536.7231638,-53.7686183,32.36451032,25.23666672,7.1278436,0.136115199
atlantic,FGB,FGB,east,East Buoy 3,7405,2018,27.9073,-93.5991,27.9073,-93.5991,27.9073,-93.5991,482.9545455,480.2259887,2.7285568,283.7989444,267.1910231,16.6079213,2.931928111
atlantic,FGB,FGB,east,East Buoy 3,7406,2018,27.9073,-93.5994,27.9073,-93.5994,27.9073,-93.5994,255.6818182,254.2372881,1.4445301,89.16828152,99.18362525,-10.01534373,1.109131845
atlantic,FGB,FGB,east,East Buoy 3,7407,2018,27.9075,-93.5994,27.9075,-93.5994,27.9075,-93.5994,482.9545455,536.7231638,-53.7686183,56.69883954,57.55505,-0.85621046,0.295478476
atlantic,FGB,FGB,east,East Buoy 3,7408,2018,27.9087,-93.5997,27.9087,-93.5997,27.9087,-93.5997,397.7272727,423.7288136,-26.0015409,67.19442513,58.68742508,8.50700005,0.690850481
atlantic,FGB,FGB,east,East Buoy 3,7409,2018,27.9087,-93.5999,27.9087,-93.5999,27.9087,-93.5999,312.5,310.7344633,1.7655367,48.11029179,62.83456576,-14.72427397,0.523477607
atlantic,FGB,FGB,east,East Buoy 3,7410,2018,27.9089,-93.5999,27.9089,-93.5999,27.9089,-93.5999,482.9545455,593.220339,-110.2657935,49.5747319,98.17843881,-48.60370691,0.444679328
atlantic,FGB,FGB,east,East Buoy 3,9044,2022,27.90807,-93.60203,27.90807,-93.60203,27.90807,-93.60203,312.5,310.7344633,1.7655367,55.2840316,56.16186401,-0.87783241,0.400323831
atlantic,FGB,FGB,east,East Buoy 3,9045,2022,27.90875,-93.60218,27.90875,-93.60218,27.90875,-93.60218,1619.318182,1610.169492,9.14869,256.5593779,264.2670467,-7.7076688,2.835481441
atlantic,FGB,FGB,east,East Buoy 3,9046,2022,27.90995,-93.60215,27.90995,-93.60215,27.90995,-93.60215,397.7272727,451.9774011,-54.2501284,33.59428139,45.27076819,-11.6764868,0.497398665
atlantic,FGB,FGB,east,East Buoy 3,9048,2022,27.90948,-93.60183,27.90948,-93.60183,27.90948,-93.60183,994.3181818,1129.943503,-135.6253212,135.7305942,131.2283524,4.5022418,1.313296213
atlantic,FGB,FGB,east,East Buoy 3,9049,2022,27.91183,-93.60093,27.91183,-93.60093,27.91183,-93.60093,681.8181818,677.9661017,3.8520801,141.2360626,143.5905688,-2.3545062,1.270058948
atlantic,FGB,FGB,east,East Buoy 3,9050,2022,27.9073,-93.6006,27.9073,-93.6006,27.9073,-93.6006,653.4090909,706.2146893,-52.8055984,149.0261202,145.5919894,3.4341308,1.856393179
atlantic,FGB,FGB,east,East Buoy 3,9051,2022,27.91122,-93.6006,27.91122,-93.6006,27.91122,-93.6006,397.7272727,480.2259887,-82.498716,64.68487387,70.11344763,-5.42857376,0.813552196
atlantic,FGB,FGB,east,East Buoy 3,9052,2022,27.9115,-93.60038,27.9115,-93.60038,27.9115,-93.60038,511.3636364,508.4745763,2.8890601,183.0594023,190.4021427,-7.3427404,1.72961753
atlantic,FGB,FGB,east,East Buoy 3,9057,2022,27.9068,-93.6001,27.9068,-93.6001,27.9068,-93.6001,568.1818182,564.9717514,3.2100668,116.9648329,133.4696766,-16.5048437,0.850665693
atlantic,FGB,FGB,east,East Buoy 3,9058,2022,27.91127,-93.59983,27.91127,-93.59983,27.91127,-93.59983,653.4090909,649.7175141,3.6915768,184.388961,167.8519969,16.5369641,1.897597736
atlantic,FGB,FGB,east,East Buoy 3,9061,2022,27.9116,-93.5995,27.9116,-93.5995,27.9116,-93.5995,852.2727273,847.4576271,4.8151002,226.2272355,246.6491023,-20.4218668,2.08698397
atlantic,FGB,FGB,east,East Buoy 3,9064,2022,27.90683,-93.5991,27.90683,-93.5991,27.90683,-93.5991,539.7727273,536.7231638,3.0495635,160.5774014,152.4415683,8.1358331,1.661647267
atlantic,FGB,FGB,east,East Buoy 3,9065,2022,27.90873,-93.599,27.90873,-93.599,27.90873,-93.599,625,621.4689266,3.5310734,307.4979418,273.2280626,34.2698792,3.491891779
atlantic,FGB,FGB,east,East Buoy 3,9066,2022,27.9107,-93.59916,27.9107,-93.59916,27.9107,-93.59916,426.1363636,423.7288136,2.40755,110.996946,113.7637981,-2.7668521,1.330506315
atlantic,FGB,FGB,east,East Buoy 3,9068,2022,27.90873,-93.59863,27.90873,-93.59863,27.90873,-93.59863,795.4545455,790.960452,4.4940935,226.1393755,224.4438654,1.6955101,2.043277578
atlantic,FGB,FGB,east,East Buoy 3,9069,2022,27.90922,-93.59868,27.90922,-93.59868,27.90922,-93.59868,880.6818182,875.7062147,4.9756035,141.6156426,163.7846123,-22.1689697,1.484101088
atlantic,FGB,FGB,east,East Buoy 3,9070,2022,27.9094,-93.5985,27.9094,-93.5985,27.9094,-93.5985,625,621.4689266,3.5310734,317.4783281,289.6763819,27.8019462,3.531488023
atlantic,FGB,FGB,east,East Buoy 3,9071,2022,27.91053,-93.59882,27.91053,-93.59882,27.91053,-93.59882,511.3636364,508.4745763,2.8890601,166.0265931,165.8632611,0.163332,1.536755336
atlantic,FGB,FGB,east,East Buoy 3,9074,2022,27.90453,-93.59774,27.90453,-93.59774,27.90453,-93.59774,454.5454545,451.9774011,2.5680534,160.3718789,144.7891881,15.5826908,2.093729182
atlantic,FGB,FGB,east,East Buoy 3,9075,2022,27.90626,-93.59783,27.90626,-93.59783,27.90626,-93.59783,596.5909091,621.4689266,-24.8780175,98.14172674,115.1303039,-16.98857716,1.150528312
atlantic,FGB,FGB,east,East Buoy 3,9076,2022,27.90853,-93.59795,27.90853,-93.59795,27.90853,-93.59795,397.7272727,395.480226,2.2470467,145.9196985,150.7624371,-4.8427386,1.716787593
atlantic,FGB,FGB,east,East Buoy 3,9081,2022,27.9099,-93.5971,27.9099,-93.5971,27.9099,-93.5971,284.0909091,451.9774011,-167.886492,110.3680753,96.04213401,14.32594129,0.893884537
atlantic,FGB,FGB,east,East Buoy 3,9082,2022,27.90511,-93.59661,27.90511,-93.59661,27.90511,-93.59661,397.7272727,423.7288136,-26.0015409,91.47968096,100.7268192,-9.24713824,0.560305554
atlantic,FGB,FGB,east,East Buoy 3,9087,2022,27.90502,-93.59593,27.90502,-93.59593,27.90502,-93.59593,482.9545455,480.2259887,2.7285568,100.0215891,111.7275525,-11.7059634,0.916288319
atlantic,PR,PR,east,Culebra,1005,2016,18.32018,-65.3327,18.32018,-65.3327,18.32018,-65.3327,369.3181818,367.2316384,2.0865434,24.07222565,18.1454039,5.92682175,0.009201195
atlantic,PR,PR,east,Culebra,1009,2016,18.3269,-65.33095,18.3269,-65.33095,18.3269,-65.33095,3323.863636,4011.299435,-687.435799,151.3983709,151.2290101,0.1693608,1.105420521
atlantic,PR,PR,east,Culebra,1013,2016,18.31184,-65.31681,18.31184,-65.31681,18.31184,-65.31681,56.81818182,1045.19774,-988.3795582,1.475140158,2.11891209,-0.643771932,1.93E-04
atlantic,PR,PR,east,Culebra,1017,2016,18.32151,-65.32755,18.32151,-65.32755,18.32151,-65.32755,170.4545455,169.4915254,0.9630201,21.48712045,39.29485068,-17.80773023,0.004327276
atlantic,PR,PR,east,Fajardo,1020,2016,18.35498,-65.56694,18.35498,-65.56694,18.35498,-65.56694,965.9090909,1694.915254,-729.0061631,36.25655092,64.34547446,-28.08892354,0.209217261
atlantic,PR,PR,east,Fajardo,1029,2016,18.33913,-65.55685,18.33913,-65.55685,18.33913,-65.55685,511.3636364,706.2146893,-194.8510529,24.23537992,27.57973237,-3.34435245,0.010537876
atlantic,PR,PR,east,Fajardo,1031,2016,18.33812,-65.5616,18.33812,-65.5616,18.33812,-65.5616,937.5,1384.180791,-446.680791,41.82105404,51.89682571,-10.07577167,0.118800936
atlantic,PR,PR,east,Fajardo,1037,2016,18.34444,-65.56046,18.34444,-65.56046,18.34444,-65.56046,539.7727273,536.7231638,3.0495635,25.53834823,25.56585972,-0.02751149,0.015623865
atlantic,PR,PR,north,San Juan,2031,2016,18.46334,-66.05654,18.46334,-66.05654,18.46334,-66.05654,227.2727273,282.4858757,-55.2131484,1.195942785,0.320725876,0.875216909,0
atlantic,PR,PR,north,San Juan,2032,2016,18.46289,-66.00464,18.46289,-66.00464,18.46289,-66.00464,0,0,0,0,0,0,0
atlantic,PR,PR,north,San Juan,2046,2016,18.45371,-66.02283,18.45371,-66.02283,18.45371,-66.02283,56.81818182,56.49717514,0.32100668,1.586137576,0.83196774,0.754169836,6.47E-04
atlantic,PR,PR,south,La Parguera,3037,2016,17.92586,-67.08847,17.92586,-67.08847,17.92586,-67.08847,767.0454545,1045.19774,-278.1522855,52.69884198,64.70013751,-12.00129553,0.500075755
atlantic,PR,PR,south,La Parguera,3038,2016,17.93944,-67.03694,17.93944,-67.03694,17.93944,-67.03694,312.5,423.7288136,-111.2288136,11.3894682,13.57374164,-2.18427344,0.079396769
atlantic,PR,PR,south,La Parguera,3048,2016,17.92213,-66.99948,17.92213,-66.99948,17.92213,-66.99948,653.4090909,819.2090395,-165.7999486,55.41265172,51.01035271,4.40229901,0.44818755
atlantic,PR,PR,south,La Parguera,3049,2016,17.92854,-66.97656,17.92854,-66.97656,17.92854,-66.97656,681.8181818,988.700565,-306.8823832,33.64213219,40.15658633,-6.51445414,0.344318909
atlantic,PR,PR,south,La Parguera,3050,2016,17.94373,-67.07207,17.94373,-67.07207,17.94373,-67.07207,227.2727273,310.7344633,-83.461736,15.98552392,14.67370588,1.31181804,0.164139292
atlantic,PR,PR,south,Jabos Bay,3059,2016,17.8891,-66.27213,17.8891,-66.27213,17.8891,-66.27213,56.81818182,56.49717514,0.32100668,0.30747556,0.043069492,0.264406068,0
atlantic,PR,PR,south,Jabos Bay,3061,2016,17.912,-66.1142,17.912,-66.1142,17.912,-66.1142,823.8636364,847.4576271,-23.5939907,41.45507479,38.34768452,3.10739027,0.030974821
atlantic,PR,PR,south,Jabos Bay,3062,2016,17.9324,-66.0336,17.9324,-66.0336,17.9324,-66.0336,1051.136364,1186.440678,-135.304314,42.99883935,67.39187169,-24.39303234,0.11023095
atlantic,PR,PR,south,La Parguera,3077,2016,17.92023,-67.00885,17.92023,-67.00885,17.92023,-67.00885,852.2727273,1355.932203,-503.6594757,47.77529441,50.05641712,-2.28112271,0.243137703
atlantic,PR,PR,south,Jabos Bay,3090,2016,17.9265,-66.1299,17.9265,-66.1299,17.9265,-66.1299,28.40909091,28.24858757,0.16050334,0.16362259,0.015399209,0.148223381,0
atlantic,PR,PR,south,Jabos Bay,3091,2016,17.9366,-66.0406,17.9366,-66.0406,17.9366,-66.0406,738.6363636,762.7118644,-24.0755008,15.74382086,15.16288723,0.58093363,0.009924128
atlantic,PR,PR,south,La Parguera,3093,2016,17.91831,-67.10453,17.91831,-67.10453,17.91831,-67.10453,227.2727273,225.9887006,1.2840267,29.90857464,26.34334068,3.56523396,0.055656247
atlantic,PR,PR,south,Jabos Bay,3103,2016,17.94346,-66.07121,17.94346,-66.07121,17.94346,-66.07121,227.2727273,225.9887006,1.2840267,17.78374228,17.54971452,0.23402776,0.155655964
atlantic,PR,PR,south,Jabos Bay,3104,2016,17.9469,-66.0881,17.9469,-66.0881,17.9469,-66.0881,482.9545455,480.2259887,2.7285568,23.06564681,30.4547122,-7.38906539,0.083155029
atlantic,PR,PR,south,La Parguera,3105,2016,17.93189,-67.10159,17.93189,-67.10159,17.93189,-67.10159,426.1363636,734.4632768,-308.3269132,14.62806029,27.09490006,-12.46683977,0.108801076
atlantic,PR,PR,south,La Parguera,3106,2016,17.939,-67.0471,17.939,-67.0471,17.939,-67.0471,170.4545455,169.4915254,0.9630201,0.952081111,0.284065085,0.668016026,0
atlantic,PR,PR,south,Jabos Bay,3114,2016,17.9366,-66.0189,17.9366,-66.0189,17.9366,-66.0189,255.6818182,282.4858757,-26.8040575,6.173680174,3.38420113,2.789479044,0.002424615
atlantic,PR,PR,south,Jabos Bay,3193,2016,17.8852,-66.284,17.8852,-66.284,17.8852,-66.284,28.40909091,28.24858757,0.16050334,0.15373778,0.059622768,0.094115012,0
atlantic,PR,PR,south,La Parguera,6038,2019,17.9082416,-66.9966463,17.9082416,-66.9966463,17.9082416,-66.9966463,823.8636364,875.7062147,-51.8425783,88.97642651,108.7799215,-19.80349499,0.782872957
atlantic,PR,PR,south,La Parguera,6044,2019,17.9165737,-66.9724882,17.9165737,-66.9724882,17.9165737,-66.9724882,369.3181818,480.2259887,-110.9078069,51.55127524,46.9266926,4.62458264,0.026979013
atlantic,PR,PR,south,Jabos Bay,6045,2021,17.88837,-66.24729,17.88837,-66.24729,17.88837,-66.24729,113.6363636,112.9943503,0.6420133,0.614951121,0.097764181,0.51718694,0
atlantic,PR,PR,south,La Parguera,6050,2019,17.9219077,-67.0078175,17.9219077,-67.0078175,17.9219077,-67.0078175,568.1818182,564.9717514,3.2100668,28.6367954,29.20166006,-0.56486466,0.009922407
atlantic,PR,PR,south,La Parguera,6056,2021,17.90331,-67.00045,17.90331,-67.00045,17.90331,-67.00045,1335.227273,1779.661017,-444.433744,112.3581162,144.6315396,-32.2734234,0.531957245
atlantic,PR,PR,south,La Parguera,6058,2019,17.9288979,-67.1200519,17.9288979,-67.1200519,17.9288979,-67.1200519,426.1363636,649.7175141,-223.5811505,21.17951117,22.97696921,-1.79745804,0.223231799
atlantic,PR,PR,south,La Parguera,6062,2019,17.9303353,-67.0369808,17.9303353,-67.0369808,17.9303353,-67.0369808,255.6818182,254.2372881,1.4445301,29.5412274,29.8854348,-0.3442074,0.008206661
atlantic,PR,PR,south,Jabos Bay,6083,2021,17.91282,-66.24285,17.91282,-66.24285,17.91282,-66.24285,965.9090909,1045.19774,-79.2886491,215.9543382,212.6882092,3.266129,2.600933187
atlantic,PR,PR,south,La Parguera,6085,2019,17.9403658,-67.0916143,17.9403658,-67.0916143,17.9403658,-67.0916143,0,169.4915254,-169.4915254,0,0.031187571,-0.031187571,0
atlantic,PR,PR,south,La Parguera,6086,2021,17.92542,-67.0909,17.92542,-67.0909,17.92542,-67.0909,909.0909091,1638.418079,-729.3271699,49.65447404,74.28085412,-24.62638008,0.688310161
atlantic,PR,PR,south,La Parguera,6089,2021,17.92716,-67.08344,17.92716,-67.08344,17.92716,-67.08344,994.3181818,1779.661017,-785.3428352,58.94491247,56.99663701,1.94827546,0.460073829
atlantic,PR,PR,south,Jabos Bay,6097,2021,17.92131,-66.12521,17.92131,-66.12521,17.92131,-66.12521,397.7272727,395.480226,2.2470467,6.709195252,9.133058814,-2.423863562,0.001475027
atlantic,PR,PR,east,Culebra,6320,2019,18.30126,-65.31244,18.30126,-65.31244,18.30126,-65.31244,568.1818182,932.2033898,-364.0215716,32.05942923,32.32512836,-0.26569913,0.185178144
atlantic,PR,PR,east,Culebra,6330,2019,18.3041,-65.312,18.3041,-65.312,18.3041,-65.312,113.6363636,169.4915254,-55.8551618,22.65238768,24.61580249,-1.96341481,0.100296538
atlantic,PR,PR,east,Culebra,6344,2021,18.30559,-65.31516,18.30559,-65.31516,18.30559,-65.31516,965.9090909,1158.19209,-192.2829991,24.99478537,27.22048288,-2.22569751,0.175369116
atlantic,PR,PR,west,Rincon,6360,2019,18.3440651,-67.2660386,18.3440651,-67.2660386,18.3440651,-67.2660386,0,0,0,0,0,0,0
atlantic,PR,PR,west,Rincon,6365,2019,18.345446,-67.2688632,18.345446,-67.2688632,18.345446,-67.2688632,511.3636364,508.4745763,2.8890601,61.77166799,51.56043633,10.21123166,0.749326933
atlantic,PR,PR,east,Culebra,6367,2021,18.3145,-65.31828,18.3145,-65.31828,18.3145,-65.31828,113.6363636,395.480226,-281.8438624,0.644605551,0.432831469,0.211774082,0
atlantic,PR,PR,west,Rincon,6370,2019,18.3463537,-67.2693272,18.3463537,-67.2693272,18.3463537,-67.2693272,227.2727273,451.9774011,-224.7046738,14.41208489,19.1142813,-4.70219641,0.224999566
atlantic,PR,PR,west,Rincon,6371,2019,18.3463279,-67.2664891,18.3463279,-67.2664891,18.3463279,-67.2664891,170.4545455,169.4915254,0.9630201,3.511996913,5.170122994,-1.658126081,0.024511308
atlantic,PR,PR,west,Rincon,6375,2019,18.3468183,-67.2707418,18.3468183,-67.2707418,18.3468183,-67.2707418,397.7272727,395.480226,2.2470467,48.49064815,35.42430147,13.06634668,0.417892118
atlantic,PR,PR,west,Rincon,6377,2019,18.3477346,-67.2721519,18.3477346,-67.2721519,18.3477346,-67.2721519,681.8181818,677.9661017,3.8520801,42.68121501,42.24102164,0.44019337,0.069380038
atlantic,PR,PR,west,Rincon,6377,2021,18.34498,-67.26604,18.34498,-67.26604,18.34498,-67.26604,511.3636364,508.4745763,2.8890601,34.07861786,41.27563531,-7.19701745,0.065602105
atlantic,PR,PR,west,Rincon,6378,2019,18.3477174,-67.2702598,18.3477174,-67.2702598,18.3477174,-67.2702598,85.22727273,84.74576271,0.48151002,11.79963197,15.81174898,-4.01211701,0.030730509
atlantic,PR,PR,west,Rincon,6379,2019,18.3477131,-67.2697867,18.3477131,-67.2697867,18.3477131,-67.2697867,28.40909091,28.24858757,0.16050334,0.179276211,0.077891299,0.101384912,0
atlantic,PR,PR,west,Rincon,6380,2019,18.3476615,-67.2641104,18.3476615,-67.2641104,18.3476615,-67.2641104,56.81818182,56.49717514,0.32100668,7.18132204,10.7849604,-3.60363836,0.001442425
atlantic,PR,PR,west,Rincon,6385,2019,18.3499416,-67.266453,18.3499416,-67.266453,18.3499416,-67.266453,198.8636364,254.2372881,-55.3736517,41.87814308,51.51195537,-9.63381229,0.016771137
atlantic,PR,PR,west,Rincon,6385,2021,18.34676,-67.26694,18.34676,-67.26694,18.34676,-67.26694,965.9090909,1016.949153,-51.0400621,53.92687415,44.05806271,9.86881144,0.072633585
atlantic,PR,PR,west,Rincon,6386,2021,18.34686,-67.2651,18.34686,-67.2651,18.34686,-67.2651,227.2727273,451.9774011,-224.7046738,14.53482735,33.08843576,-18.55360841,0.004623681
atlantic,PR,PR,west,Rincon,6387,2019,18.3503933,-67.2664485,18.3503933,-67.2664485,18.3503933,-67.2664485,596.5909091,593.220339,3.3705701,160.6225964,169.2824383,-8.6598419,0.85197348
atlantic,PR,PR,west,Rincon,6389,2021,18.34783,-67.27162,18.34783,-67.27162,18.34783,-67.27162,482.9545455,480.2259887,2.7285568,42.2107145,50.73848537,-8.52777087,0.395210583
atlantic,PR,PR,east,Fajardo,6391,2019,18.33794,-65.55695,18.33794,-65.55695,18.33794,-65.55695,397.7272727,706.2146893,-308.4874166,35.47653782,44.85853554,-9.38199772,0.161661662
atlantic,PR,PR,east,Fajardo,6395,2019,18.34126,-65.57332,18.34126,-65.57332,18.34126,-65.57332,369.3181818,367.2316384,2.0865434,15.10636734,10.95844232,4.14792502,0.003767817
atlantic,PR,PR,east,Culebra,6395,2021,18.32128,-65.33337,18.32128,-65.33337,18.32128,-65.33337,454.5454545,875.7062147,-421.1607602,53.23443646,37.24607746,15.988359,0.364448828
atlantic,PR,PR,east,Fajardo,6398,2019,18.34248,-65.56769,18.34248,-65.56769,18.34248,-65.56769,28.40909091,28.24858757,0.16050334,0.15373778,0.012713785,0.141023995,0
atlantic,PR,PR,west,Rincon,6399,2021,18.35056,-67.26813,18.35056,-67.26813,18.35056,-67.26813,681.8181818,677.9661017,3.8520801,174.3383653,176.781109,-2.4427437,0.974811678
atlantic,PR,PR,west,Rincon,6400,2021,18.3503,-67.26704,18.3503,-67.26704,18.3503,-67.26704,284.0909091,282.4858757,1.6050334,34.06813653,33.21493096,0.85320557,0.111836398
atlantic,PR,PR,east,Fajardo,6402,2019,18.34369,-65.57078,18.34369,-65.57078,18.34369,-65.57078,454.5454545,2146.892655,-1692.347201,6.39794425,8.204773503,-1.806829253,0.001939692
atlantic,PR,PR,east,Fajardo,6403,2019,18.34462,-65.57417,18.34462,-65.57417,18.34462,-65.57417,511.3636364,1214.689266,-703.3256296,20.77162541,31.95267203,-11.18104662,0.220300377
atlantic,PR,PR,east,Culebra,6407,2021,18.32425,-65.33233,18.32425,-65.33233,18.32425,-65.33233,0,0,0,0,0,0,0
atlantic,PR,PR,east,Fajardo,6408,2019,18.34541,-65.56293,18.34541,-65.56293,18.34541,-65.56293,1250,1327.683616,-77.683616,41.72416848,27.62840644,14.09576204,0.24977188
atlantic,PR,PR,east,Culebra,6411,2021,18.33053,-65.33249,18.33053,-65.33249,18.33053,-65.33249,539.7727273,875.7062147,-335.9334874,50.01045309,52.98232316,-2.97187007,0.624276468
atlantic,PR,PR,east,Fajardo,6414,2019,18.34908,-65.5779,18.34908,-65.5779,18.34908,-65.5779,170.4545455,169.4915254,0.9630201,6.690856954,4.228828531,2.462028423,7.71E-04
atlantic,PR,PR,east,Fajardo,6420,2021,18.34494,-65.57377,18.34494,-65.57377,18.34494,-65.57377,1079.545455,1412.429379,-332.883924,19.06132273,12.10466689,6.95665584,0.028055067
atlantic,PR,PR,east,Fajardo,6437,2019,18.35448,-65.56693,18.35448,-65.56693,18.35448,-65.56693,795.4545455,1440.677966,-645.2234205,45.11792069,56.97133068,-11.85340999,0.37002657
atlantic,PR,PR,east,Fajardo,6437,2021,18.35495,-65.57593,18.35495,-65.57593,18.35495,-65.57593,170.4545455,225.9887006,-55.5341551,53.65422956,48.60003062,5.05419894,0.792079592
atlantic,PR,PR,east,Fajardo,6442,2021,18.35598,-65.57395,18.35598,-65.57395,18.35598,-65.57395,653.4090909,706.2146893,-52.8055984,17.78533751,17.17497554,0.61036197,0.052654015
atlantic,PR,PR,east,Fajardo,6444,2019,18.35547,-65.57403,18.35547,-65.57403,18.35547,-65.57403,539.7727273,536.7231638,3.0495635,27.41461545,25.95016548,1.46444997,0.082433721
atlantic,PR,PR,north,San Juan,6532,2019,18.45192,-66.02245,18.45192,-66.02245,18.45192,-66.02245,56.81818182,56.49717514,0.32100668,1.993822091,4.094276836,-2.100454745,7.57E-04
atlantic,PR,PR,north,San Juan,6535,2019,18.45448,-66.04129,18.45448,-66.04129,18.45448,-66.04129,170.4545455,169.4915254,0.9630201,6.995345925,7.399132994,-0.403787069,0.001781524
atlantic,PR,PR,north,San Juan,6536,2019,18.45491,-66.03983,18.45491,-66.03983,18.45491,-66.03983,113.6363636,112.9943503,0.6420133,6.828603711,4.092672147,2.735931564,7.16E-04
atlantic,PR,PR,north,San Juan,6540,2019,18.45636,-66.04877,18.45636,-66.04877,18.45636,-66.04877,0,0,0,0,0,0,0
atlantic,PR,PR,north,San Juan,6541,2019,18.45609,-66.02988,18.45609,-66.02988,18.45609,-66.02988,142.0454545,141.2429379,0.8025166,0.845304192,0.632954181,0.212350011,0
atlantic,PR,PR,north,San Juan,6543,2019,18.45942,-66.01189,18.45942,-66.01189,18.45942,-66.01189,28.40909091,28.24858757,0.16050334,0.996911045,2.692435028,-1.695523983,3.78E-04
atlantic,PR,PR,north,San Juan,6544,2019,18.46119,-66.00991,18.46119,-66.00991,18.46119,-66.00991,0,0,0,0,0,0,0
atlantic,PR,PR,north,San Juan,6545,2019,18.46264,-66.04299,18.46264,-66.04299,18.46264,-66.04299,0,0,0,0,0,0,0
atlantic,PR,PR,north,San Juan,6548,2019,18.46835,-66.1508,18.46835,-66.1508,18.46835,-66.1508,653.4090909,649.7175141,3.6915768,9.388796114,5.134868588,4.253927526,0.002909539
atlantic,PR,PR,north,San Juan,6551,2019,18.47189,-66.14499,18.47189,-66.14499,18.47189,-66.14499,28.40909091,28.24858757,0.16050334,0.16362259,0.248388983,-0.084766393,0
atlantic,STX,STX,west,Sprat Hole,1018,2017,17.74224,-64.89974,17.74224,-64.89974,17.74224,-64.89974,2073.863636,2062.146893,11.716743,67.99830747,70.86805955,-2.86975208,0.161444013
atlantic,STX,STX,north,Salt River,1023,2017,17.78533,-64.76053,17.78533,-64.76053,17.78533,-64.76053,738.6363636,734.4632768,4.1730868,39.93491031,32.87039768,7.06451263,0.400189478
atlantic,STX,STX,north,Salt River,1024,2017,17.78686,-64.75798,17.78686,-64.75798,17.78686,-64.75798,1420.454545,1525.423729,-104.969184,66.83678943,91.3259439,-24.48915447,0.096574749
atlantic,STX,STX,south,South,1033,2017,17.69822,-64.62501,17.69822,-64.62501,17.69822,-64.62501,1051.136364,1045.19774,5.938624,109.5293537,112.3922472,-2.8628935,0.250907527
atlantic,STX,STX,north,Salt River,1039,2017,17.7843,-64.75804,17.7843,-64.75804,17.7843,-64.75804,85.22727273,84.74576271,0.48151002,9.533897801,9.157892203,0.376005598,0.005020412
atlantic,STX,STX,south,South,1075,2017,17.69895,-64.62971,17.69895,-64.62971,17.69895,-64.62971,511.3636364,508.4745763,2.8890601,22.3901576,19.56961864,2.82053896,0.162968279
atlantic,STX,STX,south,South,1076,2017,17.7013,-64.63713,17.7013,-64.63713,17.7013,-64.63713,1590.909091,1779.661017,-188.751926,32.43067827,22.29527288,10.13540539,0.025588981
atlantic,STX,STX,south,South,1077,2017,17.70898,-64.62505,17.70898,-64.62505,17.70898,-64.62505,1448.863636,1610.169492,-161.305856,18.8552956,34.24536864,-15.39007304,0.051144208
atlantic,STX,STX,east,East/Lang Bank,1109,2017,17.81115,-64.49591,17.81115,-64.49591,17.81115,-64.49591,1534.090909,2259.887006,-725.796097,167.7565285,172.3955817,-4.6390532,1.629164759
atlantic,STX,STX,east,East/Lang Bank,1110,2017,17.81464,-64.49993,17.81464,-64.49993,17.81464,-64.49993,2187.5,2627.118644,-439.618644,136.1131344,143.0006033,-6.8874689,1.139031867
atlantic,STX,STX,east,East/Lang Bank,1111,2017,17.81535,-64.47942,17.81535,-64.47942,17.81535,-64.47942,426.1363636,593.220339,-167.0839754,61.26286166,73.33342136,-12.0705597,0.457628695
atlantic,STX,STX,east,East/Lang Bank,1112,2017,17.81903,-64.50109,17.81903,-64.50109,17.81903,-64.50109,2017.045455,2005.649718,11.395737,176.8448785,218.1133855,-41.268507,1.131573187
atlantic,STX,STX,east,East/Lang Bank,1113,2017,17.82053,-64.49941,17.82053,-64.49941,17.82053,-64.49941,28.40909091,282.4858757,-254.0767848,6.35750556,28.37512028,-22.01761472,7.16E-04
atlantic,STX,STX,north,Salt River,1119,2017,17.79189,-64.74884,17.79189,-64.74884,17.79189,-64.74884,596.5909091,649.7175141,-53.126605,41.14255319,41.63442458,-0.49187139,0.180802173
atlantic,STX,STX,south,South,1132,2017,17.68541,-64.67719,17.68541,-64.67719,17.68541,-64.67719,113.6363636,112.9943503,0.6420133,4.750525944,10.96374898,-6.213223036,0.009440831
atlantic,STX,STX,south,South,1133,2017,17.68855,-64.68384,17.68855,-64.68384,17.68855,-64.68384,142.0454545,141.2429379,0.8025166,34.79588232,47.75833729,-12.96245497,0.157243188
atlantic,STX,STX,south,South,1138,2017,17.69783,-64.62761,17.69783,-64.62761,17.69783,-64.62761,1534.090909,1525.423729,8.66718,62.14929178,45.0583648,17.09092698,0.222975379
atlantic,STX,STX,east,East/Lang Bank,1143,2017,17.79675,-64.47728,17.79675,-64.47728,17.79675,-64.47728,937.5,932.2033898,5.2966102,34.74260985,31.36693192,3.37567793,0.074704669
atlantic,STX,STX,north,Salt River,1149,2017,17.7907,-64.75179,17.7907,-64.75179,17.7907,-64.75179,539.7727273,536.7231638,3.0495635,38.8729667,40.85549644,-1.98252974,0.058573546
atlantic,STX,STX,south,South,1204,2017,17.7066,-64.65866,17.7066,-64.65866,17.7066,-64.65866,965.9090909,960.4519774,5.4571135,22.15143365,21.63781395,0.5136197,0.203267364
atlantic,STX,STX,south,South,1206,2017,17.71147,-64.64917,17.71147,-64.64917,17.71147,-64.64917,937.5,932.2033898,5.2966102,27.68686501,19.63452983,8.05233518,0.179428163
atlantic,STX,STX,south,South,1207,2017,17.72153,-64.62972,17.72153,-64.62972,17.72153,-64.62972,284.0909091,282.4858757,1.6050334,10.43858786,4.890387062,5.548200798,0.004525949
atlantic,STX,STX,south,South,1208,2017,17.7215,-64.62848,17.7215,-64.62848,17.7215,-64.62848,397.7272727,395.480226,2.2470467,4.468260395,6.337904294,-1.869643899,0.026796166
atlantic,STX,STX,east,East/Lang Bank,1215,2017,17.82393,-64.48649,17.82393,-64.48649,17.82393,-64.48649,1477.272727,2005.649718,-528.376991,188.8117857,239.2483675,-50.4365818,1.461601634
atlantic,STX,STX,east,East/Lang Bank,1216,2017,17.82445,-64.4851,17.82445,-64.4851,17.82445,-64.4851,1903.409091,2033.898305,-130.489214,153.4451985,195.2702215,-41.825023,0.883557714
atlantic,STX,STX,north,Salt River,1222,2017,17.78621,-64.75496,17.78621,-64.75496,17.78621,-64.75496,113.6363636,112.9943503,0.6420133,1.913382756,0.913029831,1.000352925,6.47E-04
atlantic,STX,STX,north,Salt River,1223,2017,17.78908,-64.75253,17.78908,-64.75253,17.78908,-64.75253,170.4545455,169.4915254,0.9630201,0.954871004,0.200211356,0.754659648,0
atlantic,STX,STX,north,Salt River,1277,2017,17.78462,-64.75881,17.78462,-64.75881,17.78462,-64.75881,1136.363636,1186.440678,-50.077042,98.26030069,98.98958373,-0.72928304,0.818948444
atlantic,STX,STX,north,Salt River,1278,2017,17.78538,-64.76102,17.78538,-64.76102,17.78538,-64.76102,1022.727273,1073.446328,-50.719055,39.84217567,45.19805537,-5.3558797,0.35250162
atlantic,STX,STX,west,Sprat Hole,1291,2017,17.74039,-64.89951,17.74039,-64.89951,17.74039,-64.89951,596.5909091,593.220339,3.3705701,30.33727611,28.67680588,1.66047023,0.195131504
atlantic,STX,STX,north,Salt River,1293,2017,17.78465,-64.75708,17.78465,-64.75708,17.78465,-64.75708,482.9545455,480.2259887,2.7285568,12.85890359,16.91347311,-4.05456952,0.014958509
atlantic,STX,STX,north,Salt River,1379,2017,17.78206,-64.75699,17.78206,-64.75699,17.78206,-64.75699,909.0909091,1299.435028,-390.3441189,78.14766957,96.79954638,-18.65187681,0.156526899
atlantic,STX,STX,north,Salt River,1380,2017,17.784,-64.75332,17.784,-64.75332,17.784,-64.75332,113.6363636,141.2429379,-27.6065743,5.063703943,4.303180678,0.760523265,0.007155973
atlantic,STX,STX,west,Sprat Hole,1420,2017,17.72054,-64.89236,17.72054,-64.89236,17.72054,-64.89236,1136.363636,1214.689266,-78.32563,49.23330291,52.00180079,-2.76849788,0.066068952
atlantic,STX,STX,west,Sprat Hole,1421,2017,17.72498,-64.89439,17.72498,-64.89439,17.72498,-64.89439,994.3181818,1271.186441,-276.8682592,40.14828197,36.55867921,3.58960276,0.12930033
atlantic,STX,STX,north,Salt River,1423,2017,17.78287,-64.75615,17.78287,-64.75615,17.78287,-64.75615,653.4090909,706.2146893,-52.8055984,38.81153596,48.03065395,-9.21911799,0.224150304
atlantic,STX,STX,west,Sprat Hole,1506,2017,17.71644,-64.88994,17.71644,-64.88994,17.71644,-64.88994,880.6818182,875.7062147,4.9756035,48.95759956,42.3821935,6.57540606,0.072356393
atlantic,STX,STX,west,Sprat Hole,1507,2017,17.71744,-64.8905,17.71744,-64.8905,17.71744,-64.8905,625,649.7175141,-24.7175141,36.16560609,42.01074678,-5.84514069,0.232577729
atlantic,STX,STX,west,Sprat Hole,1509,2017,17.73591,-64.89772,17.73591,-64.89772,17.73591,-64.89772,482.9545455,593.220339,-110.2657935,24.43302543,24.36963175,0.06339368,0.195806573
atlantic,STX,STX,west,Sprat Hole,1510,2017,17.73629,-64.89451,17.73629,-64.89451,17.73629,-64.89451,653.4090909,649.7175141,3.6915768,27.57331084,36.97275169,-9.39944085,0.211840275
atlantic,STX,STX,west,Sprat Hole,1511,2017,17.744,-64.90017,17.744,-64.90017,17.744,-64.90017,1221.590909,1610.169492,-388.578583,58.64131509,66.84529243,-8.20397734,0.260005748
atlantic,STX,STX,south,South,4072,2021,17.68904,-64.67068,17.68904,-64.67068,17.68904,-64.67068,596.5909091,593.220339,3.3705701,3.228493384,0.518230113,2.710263271,0
atlantic,STX,STX,south,South,4077,2021,17.69125,-64.67834,17.69125,-64.67834,17.69125,-64.67834,681.8181818,677.9661017,3.8520801,17.93634811,16.91921243,1.01713568,0.007606668
atlantic,STX,STX,south,South,4078,2021,17.69176,-64.6712,17.69176,-64.6712,17.69176,-64.6712,1392.045455,1384.180791,7.864664,29.11993682,27.91593746,1.20399936,0.01751478
atlantic,STX,STX,south,South,4089,2021,17.69999,-64.6229,17.69999,-64.6229,17.69999,-64.6229,823.8636364,819.2090395,4.6545969,16.59518575,15.15308232,1.44210343,0.020821353
atlantic,STX,STX,south,South,4093,2019,17.6871,-64.65536,17.6871,-64.65536,17.6871,-64.65536,170.4545455,169.4915254,0.9630201,5.977017011,7.879767853,-1.902750842,0.015041972
atlantic,STX,STX,south,South,4097,2019,17.69511,-64.66777,17.69511,-64.66777,17.69511,-64.66777,85.22727273,84.74576271,0.48151002,7.309521389,6.319357571,0.990163818,0.001442425
atlantic,STX,STX,south,South,4099,2021,17.70694,-64.63877,17.70694,-64.63877,17.70694,-64.63877,653.4090909,649.7175141,3.6915768,4.90359425,2.527809944,2.375784306,6.47E-04
atlantic,STX,STX,south,South,4107,2019,17.70504,-64.6574,17.70504,-64.6574,17.70504,-64.6574,653.4090909,649.7175141,3.6915768,4.814630959,3.089871695,1.724759264,6.47E-04
atlantic,STX,STX,south,South,4119,2019,17.71108,-64.65334,17.71108,-64.65334,17.71108,-64.65334,113.6363636,112.9943503,0.6420133,3.622090677,3.725660169,-0.103569492,0.024621384
atlantic,STX,STX,west,Sprat Hole,4132,2021,17.74405,-64.89849,17.74405,-64.89849,17.74405,-64.89849,3409.090909,4011.299435,-602.208526,215.3369447,223.3039769,-7.9670322,1.875042037
atlantic,STX,STX,west,Sprat Hole,4142,2019,17.71651,-64.88952,17.71651,-64.88952,17.71651,-64.88952,482.9545455,649.7175141,-166.7629686,26.03532224,46.1608965,-20.12557426,0.05644486
atlantic,STX,STX,west,Sprat Hole,4143,2019,17.71662,-64.88915,17.71662,-64.88915,17.71662,-64.88915,170.4545455,988.700565,-818.2460195,13.48826476,66.42196277,-52.93369801,0.009244962
atlantic,STX,STX,west,Sprat Hole,4152,2019,17.72579,-64.89577,17.72579,-64.89577,17.72579,-64.89577,1420.454545,1553.672316,-133.217771,40.17241151,56.98225056,-16.80983905,0.071189689
atlantic,STX,STX,west,Sprat Hole,4156,2019,17.73168,-64.89635,17.73168,-64.89635,17.73168,-64.89635,1079.545455,1101.694915,-22.14946,39.63720034,51.89008328,-12.25288294,0.153352885
atlantic,STX,STX,west,Sprat Hole,4164,2019,17.74064,-64.89966,17.74064,-64.89966,17.74064,-64.89966,1022.727273,1016.949153,5.77812,56.45489821,53.23770339,3.21719482,0.087894413
atlantic,STX,STX,west,Sprat Hole,4166,2019,17.74255,-64.89687,17.74255,-64.89687,17.74255,-64.89687,426.1363636,508.4745763,-82.3382127,53.50138343,62.9905652,-9.48918177,0.138548525
atlantic,STX,STX,north,Salt River,4265,2019,17.78059,-64.75503,17.78059,-64.75503,17.78059,-64.75503,56.81818182,56.49717514,0.32100668,4.831810417,11.18623729,-6.354426873,0.001475027
atlantic,STX,STX,north,Salt River,4266,2019,17.78059,-64.75428,17.78059,-64.75428,17.78059,-64.75428,482.9545455,621.4689266,-138.5143811,49.42183941,57.82850768,-8.40666827,0.063919761
atlantic,STX,STX,north,Salt River,4269,2021,17.78502,-64.7593,17.78502,-64.7593,17.78502,-64.7593,312.5,536.7231638,-224.2231638,19.60116363,21.58872153,-1.9875579,0.044766542
atlantic,STX,STX,north,Salt River,4278,2021,17.78626,-64.75544,17.78626,-64.75544,17.78626,-64.75544,170.4545455,169.4915254,0.9630201,0.952081111,0.055368192,0.896712919,0
atlantic,STX,STX,north,Salt River,4279,2021,17.78684,-64.74844,17.78684,-64.74844,17.78684,-64.74844,85.22727273,84.74576271,0.48151002,0.490867771,0.017226836,0.473640935,0
atlantic,STX,STX,north,Salt River,4289,2021,17.78846,-64.74672,17.78846,-64.74672,17.78846,-64.74672,1164.772727,1497.175141,-332.402414,65.43910756,56.69075915,8.74834841,0.438166304
atlantic,STX,STX,north,Salt River,4292,2021,17.78867,-64.75616,17.78867,-64.75616,17.78867,-64.75616,653.4090909,1016.949153,-363.5400621,22.86298503,42.07433158,-19.21134655,0.029764917
atlantic,STX,STX,north,Salt River,4293,2021,17.78879,-64.74941,17.78879,-64.74941,17.78879,-64.74941,596.5909091,593.220339,3.3705701,58.43951042,55.76775226,2.67175816,0.012661249
atlantic,STX,STX,north,Salt River,4303,2021,17.78957,-64.75134,17.78957,-64.75134,17.78957,-64.75134,511.3636364,706.2146893,-194.8510529,25.30168705,29.88047898,-4.57879193,0.003223892
atlantic,STX,STX,north,Salt River,4312,2019,17.78409,-64.75974,17.78409,-64.75974,17.78409,-64.75974,142.0454545,141.2429379,0.8025166,11.7343875,12.93760028,-1.20321278,0.005586775
atlantic,STX,STX,north,Salt River,4313,2019,17.78419,-64.75796,17.78419,-64.75796,17.78419,-64.75796,312.5,310.7344633,1.7655367,9.911326045,6.986262938,2.925063107,0.018881661
atlantic,STX,STX,north,Salt River,4316,2019,17.78471,-64.75882,17.78471,-64.75882,17.78471,-64.75882,454.5454545,451.9774011,2.5680534,28.52725238,35.24906678,-6.7218144,0.052057043
atlantic,STX,STX,north,Salt River,4317,2019,17.78479,-64.75723,17.78479,-64.75723,17.78479,-64.75723,227.2727273,225.9887006,1.2840267,8.061230562,5.996718983,2.064511579,0.001442425
atlantic,STX,STX,north,Salt River,4322,2019,17.78541,-64.76117,17.78541,-64.76117,17.78541,-64.76117,511.3636364,508.4745763,2.8890601,27.13259026,29.26884469,-2.13625443,0.1868317
atlantic,STX,STX,north,Salt River,4322,2021,17.79065,-64.75218,17.79065,-64.75218,17.79065,-64.75218,369.3181818,451.9774011,-82.6592193,61.95276567,80.05210729,-18.09934162,0.656708705
atlantic,STX,STX,north,Salt River,4323,2019,17.78549,-64.75631,17.78549,-64.75631,17.78549,-64.75631,625,621.4689266,3.5310734,44.51271909,37.17861401,7.33410508,0.389077539
atlantic,STX,STX,north,Salt River,4330,2021,17.79163,-64.74812,17.79163,-64.74812,17.79163,-64.74812,255.6818182,254.2372881,1.4445301,30.08518866,25.73796661,4.34722205,0.006416265
atlantic,STX,STX,north,Salt River,4346,2019,17.78876,-64.75593,17.78876,-64.75593,17.78876,-64.75593,710.2272727,706.2146893,4.0125834,24.87336032,17.72042881,7.15293151,0.041901581
atlantic,STX,STX,north,Salt River,4355,2019,17.78903,-64.74952,17.78903,-64.74952,17.78903,-64.74952,255.6818182,254.2372881,1.4445301,30.01105662,24.07450203,5.93655459,0.157732609
atlantic,STX,STX,north,Salt River,4356,2019,17.78965,-64.74818,17.78965,-64.74818,17.78965,-64.74818,113.6363636,112.9943503,0.6420133,0.654490361,0.21863774,0.435852621,0
atlantic,STX,STX,north,Salt River,4361,2019,17.79078,-64.75346,17.79078,-64.75346,17.79078,-64.75346,56.81818182,56.49717514,0.32100668,0.30747556,0.089978475,0.217497085,0
atlantic,STX,STX,north,Salt River,4362,2019,17.79045,-64.75185,17.79045,-64.75185,17.79045,-64.75185,426.1363636,423.7288136,2.40755,28.35830346,22.81075113,5.54755233,0.026537565
atlantic,STX,STX,east,East/Lang Bank,4366,2021,17.79965,-64.47679,17.79965,-64.47679,17.79965,-64.47679,795.4545455,790.960452,4.4940935,36.09201785,41.77474277,-5.68272492,0.202449117
atlantic,STX,STX,east,East/Lang Bank,4379,2021,17.80236,-64.48253,17.80236,-64.48253,17.80236,-64.48253,1250,1553.672316,-303.672316,76.13724634,80.32539655,-4.18815021,0.534050465
atlantic,STX,STX,east,East/Lang Bank,4380,2021,17.80234,-64.45738,17.80234,-64.45738,17.80234,-64.45738,880.6818182,875.7062147,4.9756035,61.20231281,79.95587056,-18.75355775,0.110823256
atlantic,STX,STX,east,East/Lang Bank,4382,2021,17.80283,-64.49682,17.80283,-64.49682,17.80283,-64.49682,965.9090909,1468.926554,-503.0174631,42.39072071,54.72560107,-12.33488036,0.232298906
atlantic,STX,STX,east,East/Lang Bank,4385,2019,17.79952,-64.47838,17.79952,-64.47838,17.79952,-64.47838,3778.409091,3757.062147,21.346944,151.7476899,126.7702179,24.977472,0.633586448
atlantic,STX,STX,east,East/Lang Bank,4389,2019,17.80066,-64.4729,17.80066,-64.4729,17.80066,-64.4729,426.1363636,536.7231638,-110.5868002,71.35024053,77.61910023,-6.2688597,0.99302574
atlantic,STX,STX,east,East/Lang Bank,4389,2021,17.80592,-64.50377,17.80592,-64.50377,17.80592,-64.50377,653.4090909,762.7118644,-109.3027735,36.77323247,53.63582797,-16.8625955,0.223121716
atlantic,STX,STX,east,East/Lang Bank,4393,2019,17.80148,-64.50202,17.80148,-64.50202,17.80148,-64.50202,994.3181818,1949.152542,-954.8343602,74.47786,116.1924346,-41.7145746,0.670588469
atlantic,STX,STX,east,East/Lang Bank,4393,2021,17.80685,-64.4934,17.80685,-64.4934,17.80685,-64.4934,994.3181818,1271.186441,-276.8682592,48.73562492,54.33663401,-5.60100909,0.373453925
atlantic,STX,STX,east,East/Lang Bank,4402,2019,17.80372,-64.4828,17.80372,-64.4828,17.80372,-64.4828,681.8181818,790.960452,-109.1422702,30.25460244,40.72421927,-10.46961683,0.209487216
atlantic,STX,STX,east,East/Lang Bank,4408,2019,17.80572,-64.45976,17.80572,-64.45976,17.80572,-64.45976,1505.681818,1497.175141,8.506677,85.81315216,87.02936469,-1.21621253,0.152863156
atlantic,STX,STX,east,East/Lang Bank,4408,2021,17.81227,-64.49013,17.81227,-64.49013,17.81227,-64.49013,568.1818182,1016.949153,-448.7673348,23.96398583,30.49782153,-6.5338357,0.120504881
atlantic,STX,STX,east,East/Lang Bank,4411,2019,17.80581,-64.50138,17.80581,-64.50138,17.80581,-64.50138,625,621.4689266,3.5310734,64.91949108,94.22437949,-29.30488841,0.102407785
atlantic,STX,STX,east,East/Lang Bank,4411,2021,17.81488,-64.45996,17.81488,-64.45996,17.81488,-64.45996,1022.727273,1016.949153,5.77812,57.56194442,64.7327774,-7.17083298,0.204231493
atlantic,STX,STX,east,East/Lang Bank,4412,2019,17.80612,-64.46411,17.80612,-64.46411,17.80612,-64.46411,738.6363636,734.4632768,4.1730868,32.42159215,31.34359299,1.07799916,0.062256879
atlantic,STX,STX,east,East/Lang Bank,4415,2021,17.82076,-64.50078,17.82076,-64.50078,17.82076,-64.50078,710.2272727,706.2146893,4.0125834,5.12210652,3.123726158,1.998380362,6.47E-04
atlantic,STX,STX,east,East/Lang Bank,4420,2019,17.81066,-64.47383,17.81066,-64.47383,17.81066,-64.47383,1250,1242.937853,7.062147,71.50815221,80.88934525,-9.38119304,0.256109829
atlantic,STX,STX,east,East/Lang Bank,4426,2019,17.81339,-64.46237,17.81339,-64.46237,17.81339,-64.46237,852.2727273,1384.180791,-531.9080637,78.04362217,127.0998099,-49.05618773,0.142962944
atlantic,STX,STX,east,East/Lang Bank,4428,2021,17.83331,-64.45361,17.83331,-64.45361,17.83331,-64.45361,1505.681818,1497.175141,8.506677,96.74865255,118.9645553,-22.21590275,0.301491382
atlantic,STX,STX,east,East/Lang Bank,4429,2021,17.83434,-64.45164,17.83434,-64.45164,17.83434,-64.45164,1136.363636,1129.943503,6.420133,102.803975,126.4282739,-23.6242989,0.245299451
atlantic,STX,STX,east,East/Lang Bank,4430,2019,17.82136,-64.49477,17.82136,-64.49477,17.82136,-64.49477,28.40909091,28.24858757,0.16050334,5.18855849,6.912,-1.72344151,0.015041972
atlantic,STX,STX,east,East/Lang Bank,4431,2019,17.82511,-64.48109,17.82511,-64.48109,17.82511,-64.48109,596.5909091,593.220339,3.3705701,29.75137387,32.27190028,-2.52052641,0.189915223
atlantic,STX,STX,east,East/Lang Bank,4432,2019,17.82557,-64.49556,17.82557,-64.49556,17.82557,-64.49556,1306.818182,1299.435028,7.383154,63.1488362,69.62837893,-6.47954273,0.423424516
atlantic,STX,STX,east,East/Lang Bank,4434,2019,17.82839,-64.47005,17.82839,-64.47005,17.82839,-64.47005,539.7727273,536.7231638,3.0495635,62.52321837,65.2730048,-2.74978643,0.751740539
atlantic,STX,STX,north,Salt River,4440,2019,17.78372,-64.74928,17.78372,-64.74928,17.78372,-64.74928,28.40909091,28.24858757,0.16050334,0.16362259,0.061846554,0.101776036,0
atlantic,STX,STX,north,Salt River,4441,2019,17.78404,-64.74903,17.78404,-64.74903,17.78404,-64.74903,113.6363636,112.9943503,0.6420133,3.987644181,9.527920904,-5.540276723,0.00151328
atlantic,STTSTJ,STJ,south,Tektite,5089,2019,18.30541,-64.71229,18.30541,-64.71229,18.30541,-64.71229,227.2727273,225.9887006,1.2840267,5.085657908,2.374203672,2.711454236,0.001939692
atlantic,STTSTJ,STJ,south,Tektite,5096,2019,18.30744,-64.71985,18.30744,-64.71985,18.30744,-64.71985,1022.727273,1101.694915,-78.967642,135.5168748,167.3437679,-31.8268931,0.54614276
atlantic,STTSTJ,STJ,south,Tektite,5114,2019,18.30987,-64.71704,18.30987,-64.71704,18.30987,-64.71704,426.1363636,423.7288136,2.40755,63.38191235,77.33010226,-13.94818991,0.78114634
atlantic,STTSTJ,STJ,south,Tektite,5121,2021,18.30357,-64.71097,18.30357,-64.71097,18.30357,-64.71097,994.3181818,2175.141243,-1180.823061,18.82333611,25.41480898,-6.59147287,0.029845462
atlantic,STTSTJ,STJ,south,Tektite,5130,2021,18.30555,-64.71277,18.30555,-64.71277,18.30555,-64.71277,0,0,0,0,0,0,0
atlantic,STTSTJ,STJ,south,Tektite,5140,2021,18.30724,-64.71382,18.30724,-64.71382,18.30724,-64.71382,28.40909091,28.24858757,0.16050334,0.136758052,0.00599226,0.130765792,0
atlantic,STTSTJ,STJ,south,Tektite,5154,2021,18.30902,-64.71287,18.30902,-64.71287,18.30902,-64.71287,1164.772727,2288.135593,-1123.362866,10.78767713,6.614962825,4.172714305,0.025157872
atlantic,STTSTJ,STJ,south,Tektite,5166,2021,18.31026,-64.72176,18.31026,-64.72176,18.31026,-64.72176,1022.727273,2288.135593,-1265.40832,37.16517557,56.88996672,-19.72479115,0.192861181
atlantic,STTSTJ,STT,south,Brewer's Bay,5177,2019,18.32859,-64.9714,18.32859,-64.9714,18.32859,-64.9714,454.5454545,1242.937853,-788.3923985,55.64354218,90.20292011,-34.55937793,0.793808864
atlantic,STTSTJ,STJ,east,Newfound,5182,2019,18.33353,-64.66028,18.33353,-64.66028,18.33353,-64.66028,738.6363636,1553.672316,-815.0359524,49.420827,51.71545706,-2.29463006,0.520253504
atlantic,STTSTJ,STJ,east,Newfound,5188,2019,18.33613,-64.66216,18.33613,-64.66216,18.33613,-64.66216,1306.818182,1694.915254,-388.097072,92.64587334,98.42446288,-5.77858954,0.968928978
atlantic,STTSTJ,STT,west,Sava,5202,2019,18.33612,-65.07932,18.33612,-65.07932,18.33612,-65.07932,653.4090909,875.7062147,-222.2971238,66.43105495,57.06028034,9.37077461,0.717852718
atlantic,STTSTJ,STT,south,Brewer's Bay,5204,2019,18.33896,-64.97864,18.33896,-64.97864,18.33896,-64.97864,4687.5,19689.26554,-15001.76554,42.15003366,43.7808996,-1.63086594,0.239455647
atlantic,STTSTJ,STT,west,Sava,5206,2019,18.33835,-65.07545,18.33835,-65.07545,18.33835,-65.07545,28.40909091,338.9830508,-310.5739599,7.002045829,7.935023051,-0.932977222,0.001442425
atlantic,STTSTJ,STT,south,Brewer's Bay,5212,2021,18.32683,-64.97369,18.32683,-64.97369,18.32683,-64.97369,625,932.2033898,-307.2033898,17.52414949,20.06283712,-2.53868763,0.032776885
atlantic,STTSTJ,STJ,west,Steven Cay,5215,2021,18.33043,-64.80956,18.33043,-64.80956,18.33043,-64.80956,2301.136364,3107.344633,-806.208269,58.78902859,55.81011237,2.97891622,0.032941194
atlantic,STTSTJ,STJ,east,Newfound,5218,2019,18.34426,-64.66076,18.34426,-64.66076,18.34426,-64.66076,369.3181818,988.700565,-619.3823832,14.57454071,20.07959062,-5.50504991,0.07840504
atlantic,STTSTJ,STJ,west,Steven Cay,5218,2021,18.33136,-64.80915,18.33136,-64.80915,18.33136,-64.80915,1193.181818,1412.429379,-219.247561,69.39493643,81.68589441,-12.29095798,0.154368204
atlantic,STTSTJ,STJ,west,Steven Cay,5221,2019,18.34413,-64.7892,18.34413,-64.7892,18.34413,-64.7892,0,0,0,0,0,0,0
atlantic,STTSTJ,STT,west,Sava,5226,2019,18.34232,-65.06933,18.34232,-65.06933,18.34232,-65.06933,142.0454545,254.2372881,-112.1918336,7.112574927,14.60634661,-7.493771683,0.003232821
atlantic,STTSTJ,STJ,west,Steven Cay,5227,2019,18.34514,-64.79599,18.34514,-64.79599,18.34514,-64.79599,340.9090909,1271.186441,-930.2773501,18.2400991,27.69486718,-9.45476808,0.182072991
atlantic,STTSTJ,STT,west,Sava,5240,2019,18.34445,-65.05365,18.34445,-65.05365,18.34445,-65.05365,0,0,0,0,0,0,0
atlantic,STTSTJ,STT,south,Brewer's Bay,5242,2019,18.34517,-64.98805,18.34517,-64.98805,18.34517,-64.98805,625,1638.418079,-1013.418079,38.11338363,70.95780633,-32.8444227,0.29224331
atlantic,STTSTJ,STT,south,Brewer's Bay,5243,2019,18.34524,-64.9838,18.34524,-64.9838,18.34524,-64.9838,170.4545455,1553.672316,-1383.217771,3.157239453,5.194025706,-2.036786253,0.024243064
atlantic,STTSTJ,STT,west,Sava,5247,2019,18.34506,-65.05332,18.34506,-65.05332,18.34506,-65.05332,0,0,0,0,0,0,0
atlantic,STTSTJ,STJ,east,Newfound,5250,2019,18.34879,-64.67526,18.34879,-64.67526,18.34879,-64.67526,0,932.2033898,-932.2033898,0,2.103258305,-2.103258305,0
atlantic,STTSTJ,STT,south,Brewer's Bay,5251,2019,18.34621,-64.98628,18.34621,-64.98628,18.34621,-64.98628,1022.727273,1638.418079,-615.690806,14.22726906,34.73708345,-20.50981439,0.034708779
atlantic,STTSTJ,STJ,east,Newfound,5261,2019,18.35056,-64.67926,18.35056,-64.67926,18.35056,-64.67926,2329.545455,3983.050847,-1653.505392,105.2618974,93.6487226,11.6131748,1.433189659
atlantic,STTSTJ,STJ,east,Newfound,5268,2021,18.34354,-64.66013,18.34354,-64.66013,18.34354,-64.66013,170.4545455,564.9717514,-394.5172059,7.551930243,12.30241209,-4.750481847,0.119323721
atlantic,STTSTJ,STJ,east,Newfound,5274,2021,18.34522,-64.66221,18.34522,-64.66221,18.34522,-64.66221,56.81818182,56.49717514,0.32100668,2.583867793,1.454089661,1.129778132,0.026796166
atlantic,STTSTJ,STT,south,Brewer's Bay,5275,2021,18.34305,-64.98288,18.34305,-64.98288,18.34305,-64.98288,1903.409091,2146.892655,-243.483564,32.76526693,25.14418661,7.62108032,0.099888219
atlantic,STTSTJ,STJ,west,Steven Cay,5289,2019,18.34166,-64.79162,18.34166,-64.79162,18.34166,-64.79162,397.7272727,649.7175141,-251.9902414,20.17465805,21.68806068,-1.51340263,0.026100639
atlantic,STTSTJ,STT,south,Brewer's Bay,5289,2021,18.34554,-64.9876,18.34554,-64.9876,18.34554,-64.9876,1704.545455,1864.40678,-159.861325,26.85257449,29.42568944,-2.57311495,0.145516887
atlantic,STTSTJ,STT,west,Sava,5291,2021,18.34583,-65.05309,18.34583,-65.05309,18.34583,-65.05309,0,0,0,0,0,0,0
atlantic,STTSTJ,STJ,east,Newfound,5304,2021,18.35104,-64.67034,18.35104,-64.67034,18.35104,-64.67034,170.4545455,395.480226,-225.0256805,11.99778001,12.30620548,-0.30842547,0.007690969
atlantic,STTSTJ,STJ,north,Johnson's Reef,5317,2019,18.35968,-64.75918,18.35968,-64.75918,18.35968,-64.75918,909.0909091,2175.141243,-1266.050334,145.3626174,149.2969164,-3.934299,2.012379512
atlantic,STTSTJ,STJ,north,Johnson's Reef,5319,2019,18.36018,-64.7612,18.36018,-64.7612,18.36018,-64.7612,653.4090909,2542.372881,-1888.96379,19.29938172,13.32583701,5.97354471,0.031138591
atlantic,STTSTJ,STJ,north,Johnson's Reef,5326,2019,18.36136,-64.76777,18.36136,-64.76777,18.36136,-64.76777,113.6363636,819.2090395,-705.5726759,15.57129005,21.55286017,-5.98157012,0.154847759
atlantic,STTSTJ,STJ,north,Johnson's Reef,5328,2019,18.36171,-64.77119,18.36171,-64.77119,18.36171,-64.77119,625,1553.672316,-928.672316,21.20031533,31.53188401,-10.33156868,0.179359067
atlantic,STTSTJ,STJ,north,Johnson's Reef,5335,2019,18.3628,-64.77025,18.3628,-64.77025,18.3628,-64.77025,369.3181818,706.2146893,-336.8965075,71.30780204,91.61861898,-20.31081694,1.202825728
atlantic,STTSTJ,STJ,north,Johnson's Reef,5356,2021,18.36067,-64.77364,18.36067,-64.77364,18.36067,-64.77364,909.0909091,988.700565,-79.6096559,7.769475568,4.589248136,3.180227432,0.024621384
atlantic,STTSTJ,STJ,north,Johnson's Reef,5358,2021,18.36186,-64.7641,18.36186,-64.7641,18.36186,-64.7641,142.0454545,1186.440678,-1044.395224,10.56072603,34.92889079,-24.36816476,0.086134653
atlantic,STTSTJ,STJ,north,Johnson's Reef,5377,2021,18.36443,-64.77156,18.36443,-64.77156,18.36443,-64.77156,653.4090909,1158.19209,-504.7829991,35.20288604,45.2943791,-10.09149306,0.087731097
atlantic,STTSTJ,STT,north,Inner Brass,5432,2019,18.37882,-64.97709,18.37882,-64.97709,18.37882,-64.97709,1335.227273,2231.638418,-896.411145,63.86183804,86.34232249,-22.48048445,0.067972234
atlantic,STTSTJ,STT,north,Inner Brass,5434,2019,18.37973,-64.96517,18.37973,-64.96517,18.37973,-64.96517,3181.818182,4293.785311,-1111.967129,329.0849338,322.0674421,7.0174917,4.209196565
atlantic,STTSTJ,STT,north,Inner Brass,5435,2019,18.38238,-64.97422,18.38238,-64.97422,18.38238,-64.97422,426.1363636,508.4745763,-82.3382127,15.59602849,17.8224409,-2.22641241,0.051005003
atlantic,STTSTJ,STT,west,Sava,5437,2019,18.38283,-65.05736,18.38283,-65.05736,18.38283,-65.05736,284.0909091,508.4745763,-224.3836672,26.6974481,46.05779497,-19.36034687,0.062657931
atlantic,STTSTJ,STT,west,Sava,5438,2021,18.37654,-65.05313,18.37654,-65.05313,18.37654,-65.05313,0,0,0,0,0,0,0
atlantic,STTSTJ,STT,north,Inner Brass,5439,2019,18.38632,-64.97631,18.38632,-64.97631,18.38632,-64.97631,397.7272727,621.4689266,-223.7416539,28.60369352,60.98966836,-32.38597484,0.377991533
atlantic,STTSTJ,STT,north,Inner Brass,5441,2019,18.39098,-64.97076,18.39098,-64.97076,18.39098,-64.97076,2500,3050.847458,-550.847458,312.5732751,286.3209371,26.252338,0.354635665
atlantic,STTSTJ,STT,north,Inner Brass,5444,2019,18.40088,-64.97542,18.40088,-64.97542,18.40088,-64.97542,909.0909091,1581.920904,-672.8299949,69.41153584,113.9598982,-44.54836236,0.414902917
atlantic,STTSTJ,STT,north,Inner Brass,5444,2021,18.38468,-64.96439,18.38468,-64.96439,18.38468,-64.96439,1107.954545,1581.920904,-473.966359,53.59455992,59.4366439,-5.84208398,0.480611045
atlantic,STTSTJ,STT,north,Inner Brass,5449,2021,18.38698,-64.96364,18.38698,-64.96364,18.38698,-64.96364,767.0454545,1214.689266,-447.6438115,30.85455023,14.56510011,16.28945012,0.013577847
atlantic,STTSTJ,STT,north,Inner Brass,5457,2021,18.38973,-64.96825,18.38973,-64.96825,18.38973,-64.96825,1051.136364,1610.169492,-559.033128,28.88632339,37.27166102,-8.38533763,0.104194539
atlantic,STTSTJ,STT,north,Inner Brass,5464,2021,18.39821,-64.9748,18.39821,-64.9748,18.39821,-64.9748,710.2272727,819.2090395,-108.9817668,56.09960886,64.33063932,-8.23103046,0.239732548
atlantic,STTSTJ,STT,north,Inner Brass,5466,2021,18.39961,-64.97691,18.39961,-64.97691,18.39961,-64.97691,312.5,960.4519774,-647.9519774,19.66130569,32.42864,-12.76733431,0.019332357
atlantic,STTSTJ,STJ,west,Steven Cay,6001,2017,18.32579,-64.80147,18.32579,-64.80147,18.32579,-64.80147,1136.363636,1694.915254,-558.551618,44.3287871,40.54637254,3.78241456,0.371334502
atlantic,STTSTJ,STT,west,Sava,6015,2017,18.38013,-65.06458,18.38013,-65.06458,18.38013,-65.06458,596.5909091,593.220339,3.3705701,40.32683489,55.82447277,-15.49763788,0.207782747
atlantic,STTSTJ,STT,north,Inner Brass,6034,2017,18.37698,-64.96288,18.37698,-64.96288,18.37698,-64.96288,1079.545455,1468.926554,-389.381099,87.95046462,83.38249955,4.56796507,0.818332779
atlantic,STTSTJ,STJ,west,Steven Cay,6060,2017,18.32787,-64.80966,18.32787,-64.80966,18.32787,-64.80966,965.9090909,960.4519774,5.4571135,5.405011108,2.468894915,2.936116193,0
atlantic,STTSTJ,STT,west,Sava,6086,2017,18.33763,-65.06265,18.33763,-65.06265,18.33763,-65.06265,227.2727273,225.9887006,1.2840267,11.93807765,18.47701831,-6.53894066,0.224353002
atlantic,STTSTJ,STT,west,Sava,6087,2017,18.34148,-65.05565,18.34148,-65.05565,18.34148,-65.05565,56.81818182,56.49717514,0.32100668,2.845029971,1.022591695,1.822438276,0.001293128
atlantic,STTSTJ,STT,west,Sava,6088,2017,18.34432,-65.05556,18.34432,-65.05556,18.34432,-65.05556,454.5454545,451.9774011,2.5680534,2.459804483,2.683268927,-0.223464444,0
atlantic,STTSTJ,STT,north,Inner Brass,6102,2017,18.38483,-64.95964,18.38483,-64.95964,18.38483,-64.95964,397.7272727,451.9774011,-54.2501284,13.62692822,8.890637062,4.736291158,0.015605073
atlantic,STTSTJ,STJ,north,Johnson's Reef,6117,2017,18.36237,-64.75802,18.36237,-64.75802,18.36237,-64.75802,255.6818182,621.4689266,-365.7871084,35.41528658,36.56889808,-1.1536115,0.544992104
atlantic,STTSTJ,STT,south,Brewer's Bay,6120,2017,18.34608,-64.98832,18.34608,-64.98832,18.34608,-64.98832,454.5454545,1242.937853,-788.3923985,45.91445972,81.22639028,-35.31193056,0.860334892
atlantic,STTSTJ,STJ,south,Tektite,6143,2017,18.30311,-64.71059,18.30311,-64.71059,18.30311,-64.71059,795.4545455,1525.423729,-729.9691835,73.28239134,81.88120113,-8.59880979,0.510572882
atlantic,STTSTJ,STJ,south,Tektite,6144,2017,18.31429,-64.73415,18.31429,-64.73415,18.31429,-64.73415,482.9545455,677.9661017,-195.0115562,16.2600694,19.31599475,-3.05592535,0.064856165
atlantic,STTSTJ,STJ,east,Newfound,6171,2017,18.33285,-64.66449,18.33285,-64.66449,18.33285,-64.66449,426.1363636,734.4632768,-308.3269132,9.065069028,8.613145311,0.451923717,0.005840961
atlantic,STTSTJ,STJ,south,Tektite,6175,2017,18.30808,-64.71913,18.30808,-64.71913,18.30808,-64.71913,681.8181818,1186.440678,-504.6224962,32.95774708,37.89180638,-4.9340593,0.033446008
atlantic,STTSTJ,STJ,east,Newfound,6184,2017,18.33743,-64.66258,18.33743,-64.66258,18.33743,-64.66258,312.5,310.7344633,1.7655367,20.82193068,23.91174492,-3.08981424,0.030015017
atlantic,STTSTJ,STJ,south,Tektite,6189,2017,18.31608,-64.737,18.31608,-64.737,18.31608,-64.737,994.3181818,1242.937853,-248.6196712,56.75407659,58.28361876,-1.52954217,0.249061374
atlantic,STTSTJ,STT,south,Brewer's Bay,6193,2017,18.32857,-64.97172,18.32857,-64.97172,18.32857,-64.97172,482.9545455,1016.949153,-533.9946075,37.8105519,50.75289876,-12.94234686,0.421670248
atlantic,STTSTJ,STJ,east,Newfound,6206,2017,18.34711,-64.66856,18.34711,-64.66856,18.34711,-64.66856,312.5,621.4689266,-308.9689266,11.08783096,21.31990667,-10.23207571,0.154051898
atlantic,STTSTJ,STJ,east,Newfound,6209,2017,18.34931,-64.67914,18.34931,-64.67914,18.34931,-64.67914,1420.454545,2457.627119,-1037.172574,62.95646271,70.60603266,-7.64956995,0.558905207
atlantic,STTSTJ,STT,south,Brewer's Bay,6212,2017,18.34307,-64.98274,18.34307,-64.98274,18.34307,-64.98274,340.9090909,1497.175141,-1156.26605,5.666079669,19.56314011,-13.89706044,0.047729488
atlantic,STTSTJ,STJ,north,Johnson's Reef,6225,2017,18.36146,-64.77109,18.36146,-64.77109,18.36146,-64.77109,625,3022.59887,-2397.59887,16.2860977,17.09569215,-0.80959445,0.053396464
atlantic,STTSTJ,STT,south,Brewer's Bay,6229,2017,18.32765,-64.97366,18.32765,-64.97366,18.32765,-64.97366,681.8181818,1694.915254,-1013.097072,21.1479421,38.3925778,-17.2446357,0.158092923
atlantic,STTSTJ,STT,north,Inner Brass,6234,2017,18.3797,-64.96581,18.3797,-64.96581,18.3797,-64.96581,426.1363636,480.2259887,-54.0896251,33.03467573,36.19900384,-3.16432811,0.059552482
atlantic,STTSTJ,STJ,east,Newfound,6239,2017,18.34807,-64.67771,18.34807,-64.67771,18.34807,-64.67771,312.5,847.4576271,-534.9576271,1.681179422,2.94314113,-1.261961708,0
atlantic,STTSTJ,STJ,south,Tektite,6258,2017,18.31561,-64.72647,18.31561,-64.72647,18.31561,-64.72647,1818.181818,2372.881356,-554.699538,43.83811583,58.57615718,-14.73804135,0.173197658
atlantic,STTSTJ,STJ,west,Steven Cay,6278,2017,18.3378,-64.79792,18.3378,-64.79792,18.3378,-64.79792,1193.181818,1751.412429,-558.230611,32.12842538,39.79226859,-7.66384321,0.24212769
atlantic,STTSTJ,STJ,north,Johnson's Reef,6279,2017,18.36311,-64.77542,18.36311,-64.77542,18.36311,-64.77542,1647.727273,2740.112994,-1092.385721,75.00434404,85.7745661,-10.77022206,0.947293824
atlantic,STTSTJ,STJ,north,Johnson's Reef,6331,2017,18.36437,-64.77161,18.36437,-64.77161,18.36437,-64.77161,1392.045455,1553.672316,-161.626861,84.85318815,70.03602582,14.81716233,1.006420403
atlantic,STTSTJ,STJ,west,Steven Cay,6352,2017,18.34387,-64.79642,18.34387,-64.79642,18.34387,-64.79642,625,2316.384181,-1691.384181,21.11247574,33.48142898,-12.36895324,0.078544797
atlantic,STTSTJ,STJ,north,Johnson's Reef,6392,2017,18.36098,-64.76263,18.36098,-64.76263,18.36098,-64.76263,1875,3785.310734,-1910.310734,98.80779301,161.2655492,-62.45775619,1.076345986
atlantic,STTSTJ,STJ,west,Steven Cay,6900,2017,18.32837,-64.80996,18.32837,-64.80996,18.32837,-64.80996,198.8636364,197.740113,1.1235234,1.115703702,0.152663898,0.963039804,0